,onset,offset,words
0,0.0,0.41,
1,0.41,0.49,Het
2,0.49,0.63,was
3,0.63,0.7,
4,0.7,1.02,heerlijk
5,1.02,1.34,buiten
6,1.34,1.45,op
7,1.45,1.53,het
8,1.53,1.79,land
9,1.79,2.28,
10,2.28,2.31,t
11,2.31,2.49,Was
12,2.49,2.88,zomer
13,2.88,3.2,
14,3.2,3.33,het
15,3.33,3.4,
16,3.4,3.69,koren
17,3.69,3.84,was
18,3.84,4.11,rijp
19,4.11,4.43,
20,4.43,4.52,het
21,4.52,4.58,
22,4.58,4.81,hooi
23,4.81,5.05,stond
24,5.05,5.16,op
25,5.16,5.19,de
26,5.19,5.46,groene
27,5.46,5.84,weiden
28,5.84,5.95,aan
29,5.95,6.36,oppers
30,6.36,6.64,
31,6.64,6.75,en
32,6.75,6.79,de
33,6.79,7.41,ooievaar
34,7.41,7.58,
35,7.58,7.71,liep
36,7.71,7.83,op
37,7.83,8.01,zijn
38,8.01,8.35,lange
39,8.35,8.42,
40,8.42,8.77,roode
41,8.77,8.82,
42,8.82,9.2,pooten
43,9.2,9.37,
44,9.37,9.49,en
45,9.49,9.81,praatte
46,9.81,10.32,Egyptisch
47,10.32,10.74,
48,10.74,10.87,want
49,10.87,11.2,deze
50,11.2,11.43,taal
51,11.43,11.59,had
52,11.59,11.63,hij
53,11.63,11.78,van
54,11.78,11.96,zijn
55,11.96,12.11,moeder
56,12.11,12.54,geleerd
57,12.54,13.54,
58,13.54,13.94,Rondom
59,13.94,14.03,de
60,14.03,14.69,korenvelden
61,14.69,14.77,
62,14.77,14.87,en
63,14.87,14.94,de
64,14.94,15.35,weiden
65,15.35,15.61,
66,15.61,15.82,waren
67,15.82,16.44,uitgestrekte
68,16.44,16.8,bosschen
69,16.8,17.17,
70,17.17,17.24,en
71,17.24,17.53,midden
72,17.53,17.67,in
73,17.67,17.74,de
74,17.74,18.14,bosschen
75,18.14,18.4,
76,18.4,18.67,diepe
77,18.67,19.1,meren
78,19.1,19.86,
79,19.86,20.13,Ja
80,20.13,20.41,
81,20.41,20.52,het
82,20.52,20.67,was
83,20.67,21.18,werkelijk
84,21.18,21.29,
85,21.29,21.76,heerlijk
86,21.76,21.91,daar
87,21.91,22.23,buiten
88,22.23,22.35,op
89,22.35,22.42,het
90,22.42,22.68,land
91,22.68,23.49,
92,23.49,23.61,Door
93,23.61,23.68,den
94,23.68,24.07,glans
95,24.07,24.25,der
96,24.25,24.49,zon
97,24.49,25.03,beschenen
98,25.03,25.31,
99,25.31,25.51,stond
100,25.51,25.66,daar
101,25.66,25.73,een
102,25.73,25.99,oud
103,25.99,26.53,kasteel
104,26.53,26.8,
105,26.8,26.96,dat
106,26.96,27.07,door
107,27.07,27.19,een
108,27.19,27.24,
109,27.24,27.49,diepe
110,27.49,27.88,gracht
111,27.88,28.3,omgeven
112,28.3,28.59,was
113,28.59,29.12,
114,29.12,29.21,en
115,29.21,29.39,van
116,29.39,29.45,den
117,29.45,29.82,muur
118,29.82,30.03,tot
119,30.03,30.13,aan
120,30.13,30.23,het
121,30.23,30.62,water
122,30.62,30.94,
123,30.94,31.39,groeide
124,31.39,31.65,dicht
125,31.65,31.71,
126,31.71,32.32,kreupelhout
127,32.32,33.18,
128,33.18,33.29,Te
129,33.29,33.6,midden
130,33.6,33.99,hiervan
131,33.99,34.25,
132,34.25,34.4,zat
133,34.4,34.53,in
134,34.53,34.64,haar
135,34.64,35.02,nest
136,35.02,35.11,een
137,35.11,35.18,
138,35.18,35.47,eend
139,35.47,35.71,
140,35.71,35.86,die
141,35.86,35.95,haar
142,35.95,36.17,jongen
143,36.17,36.39,moest
144,36.39,36.9,uitbroeden
145,36.9,37.6,
146,37.6,37.68,maar
147,37.68,37.75,het
148,37.75,38.04,begon
149,38.04,38.18,haar
150,38.18,38.52,bijna
151,38.52,38.65,te
152,38.65,39.17,vervelen
153,39.17,39.54,
154,39.54,39.72,zoo
155,39.72,39.89,lang
156,39.89,40.27,duurde
157,40.27,40.35,het
158,40.35,40.62,
159,40.62,40.77,eer
160,40.77,40.8,de
161,40.8,41.05,jongen
162,41.05,41.65,uitkwamen
163,41.65,42.34,
164,42.34,42.74,daarbij
165,42.74,42.99,kreeg
166,42.99,43.09,zij
167,43.09,43.38,zelden
168,43.38,43.76,bezoek
169,43.76,44.17,
170,44.17,44.31,want
171,44.31,44.35,de
172,44.35,44.69,andere
173,44.69,45.07,eenden
174,45.07,45.35,
175,45.35,45.63,zwommen
176,45.63,45.9,liever
177,45.9,46.05,in
178,46.05,46.08,de
179,46.08,46.39,gracht
180,46.39,46.67,rond
181,46.67,46.95,
182,46.95,47.11,dan
183,47.11,47.34,dat
184,47.34,47.45,zij
185,47.45,47.62,eens
186,47.62,47.74,uit
187,47.74,47.85,het
188,47.85,48.11,water
189,48.11,48.5,kwamen
190,48.5,48.55,
191,48.55,48.66,om
192,48.66,48.81,met
193,48.81,48.9,haar
194,48.9,49.02,te
195,49.02,49.46,praten
196,49.46,50.7,
197,50.7,51.18,Eindelijk
198,51.18,51.35,ging
199,51.35,51.45,het
200,51.45,51.54,
201,51.54,51.83499,eene
202,51.83499,52.03998,ei
203,52.03998,52.25,na
204,52.25,52.32,het
205,52.32,52.64,andere
206,52.64,53.05,open
207,53.05,53.71,
208,53.71,53.76,Een
209,53.76,54.12499,gepiep
210,54.12499,54.34,deed
211,54.34,54.47,zich
212,54.47,54.75,hooren
213,54.75,54.99,
214,54.99,55.15,en
215,55.15,55.37,al
216,55.37,55.52,de
217,55.52,55.86,dooren
218,55.86,56.03,van
219,56.03,56.08,de
220,56.08,56.45,eieren
221,56.45,56.68,
222,56.68,57.0,waren
223,57.0,57.32,levend
224,57.32,57.78,geworden
225,57.78,58.09,
226,58.09,58.15,en
227,58.15,58.46,staken
228,58.46,58.52,de
229,58.52,58.95,kopjes
230,58.95,59.12,uit
231,59.12,59.15,de
232,59.15,59.65,schalen
233,59.65,60.87,
234,60.87,61.14,Vlug
235,61.14,61.35,wat
236,61.35,61.41,
237,61.41,61.83,vlug
238,61.83,62.18,
239,62.18,62.39,zeide
240,62.39,62.58,zij
241,62.58,63.09,
242,63.09,63.25,en
243,63.25,63.54,nu
244,63.54,63.62,
245,63.62,64.01,haastten
246,64.01,64.19,zich
247,64.19,64.4,al
248,64.4,64.47,de
249,64.47,64.82,kleine
250,64.82,65.23,eendjes
251,65.23,65.3,
252,65.3,65.46,wat
253,65.46,65.62,zij
254,65.62,66.04,konden
255,66.04,66.47,
256,66.47,66.57,en
257,66.57,66.68,zij
258,66.68,67.04,kwamen
259,67.04,67.23,uit
260,67.23,67.27,de
261,67.27,67.32,
262,67.32,67.65,eieren
263,67.65,67.73,te
264,67.73,68.27,voorschijn
265,68.27,68.55,
266,68.55,68.68,en
267,68.68,68.95,keken
268,68.95,69.07,naar
269,69.07,69.3,alle
270,69.3,69.69,kanten
271,69.69,69.95,
272,69.95,70.14,onder
273,70.14,70.18,de
274,70.18,70.49,groene
275,70.49,70.93,bladeren
276,70.93,71.42,
277,71.42,71.63,en
278,71.63,71.69,de
279,71.69,71.99,moeder
280,71.99,72.19,liet
281,72.19,72.28,ze
282,72.28,72.67,kijken
283,72.67,72.88,
284,72.88,73.19,zooveel
285,73.19,73.34,als
286,73.34,73.43,zij
287,73.43,73.56,maar
288,73.56,73.92,wilden
289,73.92,74.29,
290,74.29,74.43,want
291,74.43,74.8,groen
292,74.8,74.88,
293,74.88,74.98,is
294,74.98,75.21,goed
295,75.21,75.31,voor
296,75.31,75.34,de
297,75.34,75.75,oogen
298,75.75,77.05,
299,77.05,77.18,Wat
300,77.18,77.26,is
301,77.26,77.35,de
302,77.35,77.67,wereld
303,77.67,77.79,toch
304,77.79,78.36,groot
305,78.36,78.63,
306,78.63,78.82,zeiden
307,78.82,78.97,al
308,78.97,79.04,de
309,79.04,79.36,jongen
310,79.36,79.74,
311,79.74,79.91,want
312,79.91,80.19,nu
313,80.19,80.38,hadden
314,80.38,80.5,zij
315,80.5,80.77,heel
316,80.77,80.9,wat
317,80.9,80.95,
318,80.95,81.15,meer
319,81.15,81.51,plaats
320,81.51,81.65,dan
321,81.65,81.76,in
322,81.76,81.87,het
323,81.87,82.16,ei
324,82.16,83.58,
325,83.58,83.81,Denk
326,83.81,83.94,je
327,83.94,84.19,
328,84.19,84.35,dat
329,84.35,84.52,dit
330,84.52,84.69,
331,84.69,84.78,de
332,84.78,85.15,heele
333,85.15,85.49,wereld
334,85.49,85.71,is
335,85.71,86.1,
336,86.1,86.24,zei
337,86.24,86.33,de
338,86.33,86.56,moeder
339,86.56,87.33,
340,87.33,87.45,Die
341,87.45,87.74,strekt
342,87.74,87.79,
343,87.79,87.94,zich
344,87.94,88.09,nog
345,88.09,88.44,ver
346,88.44,88.6,aan
347,88.6,88.67,den
348,88.67,89.01,anderen
349,89.01,89.24,kant
350,89.24,89.4,van
351,89.4,89.47,het
352,89.47,89.89,geboomte
353,89.89,90.21,uit
354,90.21,90.61,
355,90.61,90.74,tot
356,90.74,90.81,aan
357,90.81,90.99,den
358,90.99,91.2,tuin
359,91.2,91.34,van
360,91.34,91.41,den
361,91.41,91.96,pastoor
362,91.96,92.54,
363,92.54,92.7,maar
364,92.7,92.75,
365,92.75,93.0,daar
366,93.0,93.13,ben
367,93.13,93.19,ik
368,93.19,93.35,nog
369,93.35,93.6,nooit
370,93.6,93.97,geweest
371,93.97,95.31,
372,95.31,95.36,--Je
373,95.36,95.5,bent
374,95.5,95.61,toch
375,95.61,95.89,allemaal
376,95.89,96.02,wel
377,96.02,96.14,bij
378,96.14,96.62,elkaar
379,96.62,97.08,
380,97.08,97.55,vervolgde
381,97.55,97.66,zij
382,97.66,97.86,
383,97.86,97.93,en
384,97.93,98.17,stond
385,98.17,98.33,op
386,98.33,99.12,
387,99.12,99.36,Neen
388,99.36,99.43,
389,99.43,99.59,ik
390,99.59,99.66,heb
391,99.66,99.74,ze
392,99.74,99.84,nog
393,99.84,99.99,niet
394,99.99,100.42,allemaal
395,100.42,100.76,
396,100.76,100.84,het
397,100.84,101.21,grootste
398,101.21,101.42,ei
399,101.42,101.61,ligt
400,101.61,101.75,daar
401,101.75,102.01,nog
402,102.01,102.49,
403,102.49,102.64,hoe
404,102.64,102.83,lang
405,102.83,102.96,zal
406,102.96,103.03,het
407,103.03,103.17,nog
408,103.17,103.34,wel
409,103.34,103.69,duren
410,103.69,103.88,
411,103.88,104.03,eer
412,104.03,104.25,dat
413,104.25,104.73,uitkomt
414,104.73,105.36,
415,105.36,105.55,Nu
416,105.55,105.85,begint
417,105.85,105.95,het
418,105.95,106.03,mij
419,106.03,106.36,haast
420,106.36,106.45,te
421,106.45,106.96,vervelen
422,106.96,107.81,
423,107.81,107.93,en
424,107.93,108.04,zij
425,108.04,108.22,ging
426,108.22,108.3,er
427,108.3,108.44,weer
428,108.44,108.59,op
429,108.59,108.98,zitten
430,108.98,110.01,
431,110.01,110.46,Wel
432,110.46,110.85,zoo
433,110.85,111.15,
434,111.15,111.24,hoe
435,111.24,111.53,gaat
436,111.53,111.66,het
437,111.66,112.26,
438,112.26,112.41,vroeg
439,112.41,112.49,een
440,112.49,112.71,oude
441,112.71,112.98,eend
442,112.98,113.21,
443,113.21,113.34,die
444,113.34,113.48,haar
445,113.48,113.64,eens
446,113.64,113.71,een
447,113.71,114.01,bezoek
448,114.01,114.19,kwam
449,114.19,114.55,brengen
450,114.55,115.74,
451,115.74,115.85499,Het
452,115.85499,116.05,duurt
453,116.05,116.47,geducht
454,116.47,116.52,
455,116.52,116.79,lang
456,116.79,116.89,met
457,116.89,117.01,dat
458,117.01,117.23,eene
459,117.23,117.5,ei
460,117.5,117.77,
461,117.77,117.91,zei
462,117.91,117.99,de
463,117.99,118.23,eend
464,118.23,118.48,
465,118.48,118.63,die
466,118.63,118.67,er
467,118.67,118.8,nu
468,118.8,118.91,weer
469,118.91,119.08,op
470,119.08,119.3,zat
471,119.3,119.82,
472,119.82,119.99,het
473,119.99,120.16,wil
474,120.16,120.27,maar
475,120.27,120.4,niet
476,120.4,120.93,opengaan
477,120.93,121.53,
478,121.53,121.66,maar
479,121.66,121.9,kijk
480,121.9,122.0,eens
481,122.0,122.08,naar
482,122.08,122.12,de
483,122.12,122.51,anderen
484,122.51,122.89,
485,122.89,123.05,zijn
486,123.05,123.18,dat
487,123.18,123.36,niet
488,123.36,123.54,de
489,123.54,123.87,liefste
490,123.87,124.27,eendjes
491,124.27,124.46,
492,124.46,124.58,die
493,124.58,124.68,je
494,124.68,124.96,ooit
495,124.96,125.06,van
496,125.06,125.18,je
497,125.18,125.52,leven
498,125.52,125.86,gezien
499,125.86,126.04,hebt
500,126.04,126.57,
501,126.57,126.7,Zij
502,126.7,126.91,lijken
503,126.91,127.38,allemaal
504,127.38,127.89,precies
505,127.89,128.02,op
506,128.02,128.13,hun
507,128.13,128.49,vader
508,128.49,129.03,
509,129.03,129.19,maar
510,129.19,129.28,die
511,129.28,129.33,
512,129.33,129.72,ondeugd
513,129.72,129.9,
514,129.9,130.07,komt
515,130.07,130.16,mij
516,130.16,130.33,niet
517,130.33,130.52,eens
518,130.52,131.03,bezoeken
519,131.03,132.45,
520,132.45,132.67,Laat
521,132.67,132.92,mij
522,132.92,132.95,het
523,132.95,133.24,ei
524,133.24,133.49,
525,133.49,133.66,dat
526,133.66,133.83,niet
527,133.83,133.95,wil
528,133.95,134.48,opengaan
529,134.48,134.86,
530,134.86,135.14,eens
531,135.14,135.36,zien
532,135.36,135.89,
533,135.89,136.04,zei
534,136.04,136.08,de
535,136.08,136.32,oude
536,136.32,136.56,eend
537,136.56,137.27,
538,137.27,137.74,Geloof
539,137.74,137.87,mij
540,137.87,138.25,
541,138.25,138.38,het
542,138.38,138.5,is
543,138.5,138.59,een
544,138.59,139.42,kalkoenenei
545,139.42,140.04,
546,140.04,140.17,Ik
547,140.17,140.3,ben
548,140.3,140.45,
549,140.45,140.68,ook
550,140.68,140.95,eens
551,140.95,141.14,zoo
552,141.14,141.83,beetgenomen
553,141.83,142.23,
554,142.23,142.36,en
555,142.36,142.48,had
556,142.48,142.67,toen
557,142.67,142.76,
558,142.76,142.94,heel
559,142.94,143.09,wat
560,143.09,143.36,werk
561,143.36,143.5,met
562,143.5,143.59,mijn
563,143.59,143.92,jongen
564,143.92,144.22,
565,144.22,144.35,want
566,144.35,144.44,zij
567,144.44,144.69,waren
568,144.69,144.92,bang
569,144.92,145.07,voor
570,145.07,145.15,het
571,145.15,145.49,water
572,145.49,146.54,
573,146.54,146.65,Ik
574,146.65,146.82,kon
575,146.82,146.88,ze
576,146.88,146.94,er
577,146.94,147.09,maar
578,147.09,147.27,niet
579,147.27,147.46,in
580,147.46,147.88,krijgen
581,147.88,148.35,
582,148.35,148.58,hoe
583,148.58,148.74,ik
584,148.74,148.88,ook
585,148.88,148.97,
586,148.97,149.35,kwakte
587,149.35,149.57,
588,149.57,149.75,het
589,149.75,149.85,
590,149.85,150.07,hielp
591,150.07,150.25,mij
592,150.25,150.9,niemendal
593,150.9,151.8,
594,151.8,151.94,--Laat
595,151.94,152.15,mij
596,152.15,152.18,het
597,152.18,152.23,ei
598,152.23,152.49,eens
599,152.49,152.77,zien
600,152.77,153.42,
601,153.42,153.81,Ja
602,153.81,154.05,
603,154.05,154.26,dat
604,154.26,154.33,is
605,154.33,154.4,een
606,154.4,155.23,kalkoenenei
607,155.23,155.7,
608,155.7,155.93499,Laat
609,155.93499,156.11,dat
610,156.11,156.29,maar
611,156.29,156.59,liggen
612,156.59,156.84,
613,156.84,156.94,en
614,156.94,157.1,leer
615,157.1,157.21,je
616,157.21,157.52,andere
617,157.52,157.97,kinderen
618,157.97,158.21,
619,158.21,158.44,liever
620,158.44,158.86,zwemmen
621,158.86,160.73,
622,160.73,160.9,Ik
623,160.9,161.02,zal
624,161.02,161.09,er
625,161.09,161.18,
626,161.18,161.33,toch
627,161.33,161.49,nog
628,161.49,161.56,een
629,161.56,161.83,beetje
630,161.83,161.89,op
631,161.89,162.16,blijven
632,162.16,162.53,zitten
633,162.53,162.8,
634,162.8,163.23,antwoordde
635,163.23,163.33,de
636,163.33,163.6,eend
637,163.6,164.03,
638,164.03,164.22,ik
639,164.22,164.32,heb
640,164.32,164.39,er
641,164.39,164.51,nu
642,164.51,164.62,al
643,164.62,164.86,zoo
644,164.86,165.04,lang
645,165.04,165.19,op
646,165.19,165.69,gezeten
647,165.69,166.1,
648,166.1,166.22,en
649,166.22,166.41,dus
650,166.41,166.53,kan
651,166.53,166.65,ik
652,166.65,166.69,er
653,166.69,166.82,nog
654,166.82,166.94,wel
655,166.94,167.01,een
656,167.01,167.17,paar
657,167.17,167.44,dagen
658,167.44,167.57,op
659,167.57,167.93,zitten
660,167.93,169.29,
661,169.29,169.41,Je
662,169.41,169.51,moet
663,169.51,169.66,het
664,169.66,169.98,zelf
665,169.98,170.35,weten
666,170.35,170.79,
667,170.79,171.01,hernam
668,171.01,171.06,de
669,171.06,171.3,oude
670,171.3,171.58,eend
671,171.58,171.84,
672,171.84,171.93,en
673,171.93,172.14,ging
674,172.14,172.43,weg
675,172.43,173.48,
676,173.48,173.92,Eindelijk
677,173.92,173.99,
678,173.99,174.18,ging
679,174.18,174.22,het
680,174.22,174.55,groote
681,174.55,174.82,ei
682,174.82,175.2,open
683,175.2,175.79,
684,175.79,175.89,Piep
685,175.89,176.17,
686,176.17,176.35,piep
687,176.35,176.63,
688,176.63,176.82,zei
689,176.82,177.37,
690,177.37,177.58,het
691,177.58,177.82,jong
692,177.82,178.17,
693,178.17,178.28,en
694,178.28,178.58,kroop
695,178.58,178.67,er
696,178.67,178.88,uit
697,178.88,179.62,
698,179.62,179.75,Het
699,179.75,179.89,was
700,179.89,179.93,een
701,179.93,180.43,groot
702,180.43,180.52,
703,180.52,180.75,en
704,180.75,181.04,leelijk
705,181.04,181.12,
706,181.12,181.42,beest
707,181.42,182.2,
708,182.2,182.29,De
709,182.29,182.54,eend
710,182.54,182.9,bekeek
711,182.9,182.98,het
712,182.98,183.26,eens
713,183.26,184.22,
714,184.22,184.34,Wat
715,184.34,184.45,is
716,184.45,184.54,
717,184.54,184.75,dat
718,184.75,184.81,een
719,184.81,185.48,verschrikkelijk
720,185.48,185.8,groot
721,185.8,186.2,eendje
722,186.2,186.39,
723,186.39,186.62,dacht
724,186.62,186.77,zij
725,186.77,187.34,
726,187.34,187.66,geen
727,187.66,187.77,van
728,187.77,187.83,de
729,187.83,188.29,anderen
730,188.29,188.46,ziet
731,188.46,188.51,er
732,188.51,188.76,zoo
733,188.76,189.0,uit
734,189.0,189.76,
735,189.76,189.91,Zou
736,189.91,190.01,het
737,190.01,190.29,misschien
738,190.29,190.34,een
739,190.34,190.89,kalkoensch
740,190.89,191.38,kuikentje
741,191.38,191.67,zijn
742,191.67,192.49,
743,192.49,192.71,Nu
744,192.71,192.98,
745,192.98,193.1,daar
746,193.1,193.23,zullen
747,193.23,193.4,we
748,193.4,193.54,wel
749,193.54,193.86,gauw
750,193.86,194.12,achter
751,194.12,194.48,komen
752,194.48,194.95,
753,194.95,195.07,in
754,195.07,195.14,het
755,195.14,195.42,water
756,195.42,195.59,moet
757,195.59,195.71,het
758,195.71,195.92,
759,195.92,196.06,al
760,196.06,196.2,zou
761,196.2,196.3,ik
762,196.3,196.38,het
763,196.38,196.41,er
764,196.41,196.56,ook
765,196.56,196.92,zelf
766,196.92,197.41,induwen
767,197.41,198.7,
768,198.7,198.81,Den
769,198.81,199.2,volgenden
770,199.2,199.43,dag
771,199.43,199.58,was
772,199.58,199.66,het
773,199.66,199.73,
774,199.73,200.04,mooi
775,200.04,200.28,
776,200.28,200.58,heerlijk
777,200.58,200.87,weer
778,200.87,201.41,
779,201.41,201.53,de
780,201.53,201.74,zon
781,201.74,202.04,scheen
782,202.04,202.14,op
783,202.14,202.34,alle
784,202.34,202.66,groene
785,202.66,203.16,bladeren
786,203.16,203.91,
787,203.91,203.98,De
788,203.98,204.25,moeder
789,204.25,204.42,der
790,204.42,204.79,eendjes
791,204.79,205.03,
792,205.03,205.19,ging
793,205.19,205.32,met
794,205.32,205.41,haar
795,205.41,205.71,heele
796,205.71,206.12,familie
797,206.12,206.24,naar
798,206.24,206.31,de
799,206.31,206.62,gracht
800,206.62,206.78,toe
801,206.78,207.48,
802,207.48,207.89,Plof
803,207.89,208.2,
804,208.2,208.33,daar
805,208.33,208.6,sprong
806,208.6,208.72,zij
807,208.72,208.8,in
808,208.8,208.84,het
809,208.84,209.18,water
810,209.18,210.07,
811,210.07,210.31,Kwak
812,210.31,210.58,
813,210.58,210.81,kwak
814,210.81,211.29,
815,211.29,211.51,zeide
816,211.51,211.64,zij
817,211.64,212.11,
818,212.11,212.26,en
819,212.26,212.33,het
820,212.33,212.39,
821,212.39,212.63,eene
822,212.63,213.02,eendje
823,213.02,213.12,na
824,213.12,213.23,het
825,213.23,213.57,andere
826,213.57,213.8,
827,213.8,214.07,plofte
828,214.07,214.21,er
829,214.21,214.32,nu
830,214.32,214.56,ook
831,214.56,214.74,in
832,214.74,215.19,
833,215.19,215.35,het
834,215.35,215.69,water
835,215.69,216.16,spatte
836,216.16,216.27,hun
837,216.27,216.38,om
838,216.38,216.46,den
839,216.46,216.72,kop
840,216.72,216.99,
841,216.99,217.1,en
842,217.1,217.22,zij
843,217.22,217.44,doken
844,217.44,217.69,even
845,217.69,217.95,onder
846,217.95,218.35,
847,218.35,218.44,maar
848,218.44,218.74,kwamen
849,218.74,218.82,al
850,218.82,219.2,spoedig
851,219.2,219.31,weer
852,219.31,219.67,boven
853,219.67,219.89,
854,219.89,220.02,en
855,220.02,220.32,zwommen
856,220.32,221.0,uitmuntend
857,221.0,221.46,
858,221.46,221.6,hun
859,221.6,221.91,pooten
860,221.91,222.16,gingen
861,222.16,222.3,van
862,222.3,222.59,zelf
863,222.59,222.84,
864,222.84,222.99,en
865,222.99,223.28,allen
866,223.28,223.48,
867,223.48,223.72,waren
868,223.72,223.8,zij
869,223.8,223.89,in
870,223.89,223.93,het
871,223.93,224.27,water
872,224.27,224.87,
873,224.87,225.24,zelfs
874,225.24,225.29,
875,225.29,225.43,het
876,225.43,225.9,leelijke
877,225.9,226.46,grauwe
878,226.46,226.8,eendje
879,226.8,227.07,zwom
880,227.07,227.29,mee
881,227.29,228.24,
882,228.24,228.73,Neen
883,228.73,228.92,
884,228.92,229.05,het
885,229.05,229.18,is
886,229.18,229.39,geen
887,229.39,229.89,kalkoen
888,229.89,230.12,
889,230.12,230.36,dacht
890,230.36,230.39,de
891,230.39,230.59,oude
892,230.59,230.83,eend
893,230.83,231.37,
894,231.37,231.61,kijk
895,231.61,231.78,eens
896,231.78,231.96,
897,231.96,232.04,hoe
898,232.04,232.34,ferm
899,232.34,232.41,hij
900,232.41,232.56,met
901,232.56,232.7,zijn
902,232.7,233.04,pooten
903,233.04,233.36,slaat
904,233.36,233.55,
905,233.55,233.64,en
906,233.64,233.81,hoe
907,233.81,233.99499,recht
908,233.99499,234.1,hij
909,234.1,234.27,zich
910,234.27,234.44,weet
911,234.44,234.5,te
912,234.5,234.84,houden
913,234.84,235.38,
914,235.38,235.43,t
915,235.43,235.52499,Is
916,235.52499,235.64,mijn
917,235.64,235.97,eigen
918,235.97,236.25,kind
919,236.25,236.97,
920,236.97,237.39,Eigenlijk
921,237.39,237.57,
922,237.57,237.72,is
923,237.72,237.77,hij
924,237.77,237.94,toch
925,237.94,238.11,nog
926,238.11,238.26,zoo
927,238.26,238.66,leelijk
928,238.66,238.8,niet
929,238.8,239.11,
930,239.11,239.27,als
931,239.27,239.43,men
932,239.43,239.49,hem
933,239.49,239.67,maar
934,239.67,239.78,eens
935,239.78,239.95,goed
936,239.95,240.38,bekijkt
937,240.38,241.0,
938,241.0,241.46,Kwak
939,241.46,241.61,
940,241.61,242.14,kwak
941,242.14,243.1,
942,243.1,243.35,Gaat
943,243.35,243.45,maar
944,243.45,243.62,met
945,243.62,243.7,mij
946,243.7,243.96,mee
947,243.96,244.34,
948,244.34,244.47,dan
949,244.47,244.59,zal
950,244.59,244.72,ik
951,244.72,244.76,je
952,244.76,244.83,in
953,244.83,244.89,de
954,244.89,245.24,groote
955,245.24,245.53,wereld
956,245.53,245.78,brengen
957,245.78,245.99,
958,245.99,246.07,en
959,246.07,246.19,je
960,246.19,246.28,in
961,246.28,246.39,de
962,246.39,246.45,
963,246.45,246.93,eendenkooi
964,246.93,247.51,voorstellen
965,247.51,247.99,
966,247.99,248.12,maar
967,248.12,248.35,zorgt
968,248.35,248.6,
969,248.6,248.73,dat
970,248.73,248.8,je
971,248.8,249.1,dicht
972,249.1,249.16,in
973,249.16,249.24,mijn
974,249.24,249.65,nabijheid
975,249.65,249.88,blijft
976,249.88,250.33,
977,250.33,250.39,en
978,250.39,250.64,neemt
979,250.64,250.67,je
980,250.67,250.77,voor
981,250.77,250.85,de
982,250.85,250.92,
983,250.92,251.13,kat
984,251.13,251.25,in
985,251.25,251.47,acht
986,251.47,252.83,
987,252.83,252.99,En
988,252.99,253.27,zoo
989,253.27,253.75499,begaven
990,253.75499,253.89,zij
991,253.89,254.05,zich
992,254.05,254.16,naar
993,254.16,254.23,de
994,254.23,254.84,eendenkooi
995,254.84,255.39,
996,255.39,255.83,Daarbinnen
997,255.83,256.02,
998,256.02,256.15,was
999,256.15,256.2,een
1000,256.2,256.76,verschrikkelijk
1001,256.76,257.22,rumoer
1002,257.22,257.58,
1003,257.58,257.69,want
1004,257.69,257.83,daar
1005,257.83,258.04,waren
1006,258.04,258.28,twee
1007,258.28,258.73,families
1008,258.73,258.97,
1009,258.97,259.07,die
1010,259.07,259.47,elkaar
1011,259.47,259.6,
1012,259.6,259.7,het
1013,259.7,260.06,bezit
1014,260.06,260.2,van
1015,260.2,260.3,een
1016,260.3,260.37,
1017,260.37,260.9,palingkop
1018,260.9,261.04,
1019,261.04,261.59,betwistten
1020,261.59,262.0,
1021,262.0,262.18,en
1022,262.18,262.62,eindelijk
1023,262.62,262.73,
1024,262.73,262.93,kreeg
1025,262.93,263.03,de
1026,263.03,263.09,
1027,263.09,263.26499,kat
1028,263.26499,263.43,dien
1029,263.43,263.75,toch
1030,263.75,265.1,
1031,265.1,265.35,Kijk
1032,265.35,265.69,
1033,265.69,265.86,zoo
1034,265.86,266.12,gaat
1035,266.12,266.2,
1036,266.2,266.23,het
1037,266.23,266.32,nu
1038,266.32,266.38,in
1039,266.38,266.47,de
1040,266.47,266.83,wereld
1041,266.83,267.22,
1042,267.22,267.36,zei
1043,267.36,267.42,de
1044,267.42,267.65,moeder
1045,267.65,267.83,der
1046,267.83,268.2,eendjes
1047,268.2,268.66,
1048,268.66,268.78,en
1049,268.78,268.89,zij
1050,268.89,269.17,stak
1051,269.17,269.31,haar
1052,269.31,269.77,snavel
1053,269.77,269.96,al
1054,269.96,270.21,uit
1055,270.21,270.7,
1056,270.7,270.86,want
1057,270.86,271.09,zij
1058,271.09,271.31,wilde
1059,271.31,271.38,den
1060,271.38,271.43,
1061,271.43,271.94,palingkop
1062,271.94,272.11,ook
1063,272.11,272.26,wel
1064,272.26,272.52,hebben
1065,272.52,273.74,
1066,273.74,274.12,Gebruikt
1067,274.12,274.19,je
1068,274.19,274.53,pooten
1069,274.53,274.69,nu
1070,274.69,274.99,
1071,274.99,275.31,vervolgde
1072,275.31,275.39,
1073,275.39,275.56,zij
1074,275.56,276.17,
1075,276.17,276.37,Houdt
1076,276.37,276.43,je
1077,276.43,276.84,fatsoen
1078,276.84,277.04,
1079,277.04,277.14,en
1080,277.14,277.41,maakt
1081,277.41,277.44,een
1082,277.44,277.87,buiging
1083,277.87,278.01,voor
1084,278.01,278.08,de
1085,278.08,278.38,oude
1086,278.38,278.59,eend
1087,278.59,278.77,
1088,278.77,278.87,die
1089,278.87,278.93,je
1090,278.93,279.15,daar
1091,279.15,279.39,ziet
1092,279.39,279.89,
1093,279.89,280.02,dat
1094,280.02,280.12,is
1095,280.12,280.19,de
1096,280.19,280.69,voornaamste
1097,280.69,280.86,van
1098,280.86,281.07,alle
1099,281.07,281.63,
1100,281.63,281.75,zij
1101,281.75,281.82,is
1102,281.82,281.96,van
1103,281.96,282.41,Spaansche
1104,282.41,282.87,afkomst
1105,282.87,283.23,
1106,283.23,283.54,daarom
1107,283.54,283.63,is
1108,283.63,283.74,zij
1109,283.74,283.87,zoo
1110,283.87,284.09,dik
1111,284.09,284.72,
1112,284.72,284.94,en
1113,284.94,285.2,
1114,285.2,285.36,zie
1115,285.36,285.42,je
1116,285.42,285.64,wel
1117,285.64,285.75,
1118,285.75,285.82,zij
1119,285.82,285.95,
1120,285.95,286.16,heeft
1121,286.16,286.3,een
1122,286.3,286.58,rood
1123,286.58,286.87,lapje
1124,286.87,286.99,om
1125,286.99,287.1,haar
1126,287.1,287.43,poot
1127,287.43,287.91,
1128,287.91,288.08,dat
1129,288.08,288.15,is
1130,288.15,288.32,iets
1131,288.32,288.45,
1132,288.45,288.64,heel
1133,288.64,289.02,moois
1134,289.02,289.39,
1135,289.39,289.45,en
1136,289.45,289.5,
1137,289.5,289.55,de
1138,289.55,289.99,grootste
1139,289.99,290.66,onderscheiding
1140,290.66,290.82,
1141,290.82,290.94,die
1142,290.94,291.04,een
1143,291.04,291.24,eend
1144,291.24,291.35,te
1145,291.35,291.58,beurt
1146,291.58,291.75,kan
1147,291.75,292.04,vallen
1148,292.04,292.72,
1149,292.72,292.89,dat
1150,292.89,293.39,beteekent
1151,293.39,293.57,
1152,293.57,293.74,dat
1153,293.74,293.85,men
1154,293.85,293.96,haar
1155,293.96,294.16,niet
1156,294.16,294.23,
1157,294.23,294.47,kwijt
1158,294.47,294.6,wil
1159,294.6,294.98,raken
1160,294.98,295.31,
1161,295.31,295.38,en
1162,295.38,295.52,dat
1163,295.52,295.64,zij
1164,295.64,295.78,door
1165,295.78,296.16,dieren
1166,296.16,296.26,en
1167,296.26,296.67,menschen
1168,296.67,296.75,
1169,296.75,297.12,erkend
1170,297.12,297.28,moet
1171,297.28,297.52,worden
1172,297.52,298.0,
