,onset,offset,phones
0,0.0,0.41,<p:>
1,0.41,0.45,@
2,0.45,0.49,t
3,0.49,0.52,w
4,0.52,0.57,A
5,0.57,0.63,s
6,0.63,0.7,<p:>
7,0.7,0.75,h
8,0.75,0.86,e:
9,0.86,0.89,r
10,0.89,0.94,l
11,0.94,0.97,@
12,0.97,1.02,g
13,1.02,1.11,b
14,1.11,1.28,9y
15,1.28,1.34,t
16,1.34,1.39,O
17,1.39,1.45,p
18,1.45,1.48,@
19,1.48,1.53,t
20,1.53,1.59,l
21,1.59,1.68,A
22,1.68,1.73,n
23,1.73,1.79,t
24,1.79,2.28,<p:>
25,2.28,2.31,t
26,2.31,2.34,w
27,2.34,2.39,A
28,2.39,2.49,s
29,2.49,2.54,s
30,2.54,2.68,o:
31,2.68,2.76,m
32,2.76,2.79,@
33,2.79,2.88,r
34,2.88,3.2,<p:>
35,3.2,3.3,E
36,3.3,3.33,t
37,3.33,3.4,<p:>
38,3.4,3.47,k
39,3.47,3.66,o:
40,3.66,3.69,r
41,3.69,3.72,w
42,3.72,3.78,A
43,3.78,3.84,s
44,3.84,3.93,r
45,3.93,4.07,Ei
46,4.07,4.11,p
47,4.11,4.43,<p:>
48,4.43,4.47,@
49,4.47,4.52,t
50,4.52,4.58,<p:>
51,4.58,4.63,h
52,4.63,4.77,o:
53,4.77,4.81,j
54,4.81,4.86,s
55,4.86,4.93,t
56,4.93,4.99,O
57,4.99,5.02,n
58,5.02,5.05,d
59,5.05,5.1,O
60,5.1,5.16,p
61,5.16,5.19,@
62,5.19,5.26,x
63,5.26,5.29,r
64,5.29,5.37,u
65,5.37,5.4,n
66,5.4,5.46,@
67,5.46,5.51,w
68,5.51,5.69,Ei
69,5.69,5.73,d
70,5.73,5.76,@
71,5.76,5.84,n
72,5.84,5.91,A
73,5.91,5.95,n
74,5.95,6.06,O
75,6.06,6.15,p
76,6.15,6.19,@
77,6.19,6.22,r
78,6.22,6.36,s
79,6.36,6.64,<p:>
80,6.64,6.72,E
81,6.72,6.75,n
82,6.75,6.79,d
83,6.79,7.0,o:
84,7.0,7.05,j
85,7.05,7.08,@
86,7.08,7.15,v
87,7.15,7.3,a:
88,7.3,7.41,r
89,7.41,7.58,<p:>
90,7.58,7.61,l
91,7.61,7.66,i
92,7.66,7.71,p
93,7.71,7.77,O
94,7.77,7.83,p
95,7.83,7.91,s
96,7.91,7.98,@
97,7.98,8.01,n
98,8.01,8.1,l
99,8.1,8.18,A
100,8.18,8.22,N
101,8.22,8.35,@
102,8.35,8.42,<p:>
103,8.42,8.45,r
104,8.45,8.69,o:
105,8.69,8.73,d
106,8.73,8.77,@
107,8.77,8.82,<p:>
108,8.82,8.87,p
109,8.87,9.03,u
110,9.03,9.11,t
111,9.11,9.14,@
112,9.14,9.2,n
113,9.2,9.37,<p:>
114,9.37,9.43,E
115,9.43,9.49,n
116,9.49,9.53,p
117,9.53,9.61,r
118,9.61,9.7,a:
119,9.7,9.78,t
120,9.78,9.81,@
121,9.81,9.87,e:
122,9.87,9.99,G
123,9.99,10.04,I
124,10.04,10.1,p
125,10.1,10.14,t
126,10.14,10.22,i
127,10.22,10.32,s
128,10.32,10.74,<p:>
129,10.74,10.78,w
130,10.78,10.84,A
131,10.84,10.87,n
132,10.87,10.94,d
133,10.94,11.04,e:
134,11.04,11.1,z
135,11.1,11.2,@
136,11.2,11.25,t
137,11.25,11.36,a:
138,11.36,11.43,l
139,11.43,11.49,h
140,11.49,11.54,A
141,11.54,11.59,t
142,11.59,11.63,Ei
143,11.63,11.72,f
144,11.72,11.78,A
145,11.78,11.83,z
146,11.83,11.91,@
147,11.91,11.96,n
148,11.96,11.99,m
149,11.99,12.05,u
150,12.05,12.08,d
151,12.08,12.11,@
152,12.11,12.23,x
153,12.23,12.27,@
154,12.27,12.33,l
155,12.33,12.43,e:
156,12.43,12.47,r
157,12.47,12.54,t
158,12.54,13.54,<p:>
159,13.54,13.57,r
160,13.57,13.72,O
161,13.72,13.76,n
162,13.76,13.79,d
163,13.79,13.87,O
164,13.87,13.94,m
165,13.94,13.99,d
166,13.99,14.03,@
167,14.03,14.12,k
168,14.12,14.26,o:
169,14.26,14.29,r
170,14.29,14.33,@
171,14.33,14.36,n
172,14.36,14.43,v
173,14.43,14.47,E
174,14.47,14.58,l
175,14.58,14.61,d
176,14.61,14.69,@
177,14.69,14.77,<p:>
178,14.77,14.82,E
179,14.82,14.87,n
180,14.87,14.9,d
181,14.9,14.94,@
182,14.94,15.03,w
183,15.03,15.21,Ei
184,15.21,15.25,d
185,15.25,15.28,@
186,15.28,15.35,n
187,15.35,15.61,<p:>
188,15.61,15.65,w
189,15.65,15.79,a:
190,15.79,15.82,r
191,15.82,16.02,9y
192,16.02,16.06,t
193,16.06,16.13,x
194,16.13,16.16,@
195,16.16,16.21,s
196,16.21,16.25,t
197,16.25,16.28,r
198,16.28,16.31,E
199,16.31,16.35,k
200,16.35,16.41,t
201,16.41,16.44,@
202,16.44,16.53,b
203,16.53,16.6,O
204,16.6,16.67,s
205,16.67,16.72,x
206,16.72,16.75,@
207,16.75,16.8,n
208,16.8,17.17,<p:>
209,17.17,17.24,E
210,17.24,17.39,m
211,17.39,17.45,I
212,17.45,17.49,d
213,17.49,17.53,@
214,17.53,17.61,I
215,17.61,17.67,n
216,17.67,17.7,d
217,17.7,17.74,@
218,17.74,17.82,b
219,17.82,17.91,O
220,17.91,17.98,s
221,17.98,18.03,x
222,18.03,18.07,@
223,18.07,18.14,n
224,18.14,18.4,<p:>
225,18.4,18.44,d
226,18.44,18.58,i
227,18.58,18.62,p
228,18.62,18.67,@
229,18.67,18.76,m
230,18.76,18.95,e:
231,18.95,18.99,r
232,18.99,19.03,@
233,19.03,19.1,n
234,19.1,19.86,<p:>
235,19.86,19.98,j
236,19.98,20.13,a:
237,20.13,20.41,<p:>
238,20.41,20.49,E
239,20.49,20.52,d
240,20.52,20.55,w
241,20.55,20.6,A
242,20.6,20.67,s
243,20.67,20.81,w
244,20.81,20.92,E
245,20.92,20.96,r
246,20.96,21.04,k
247,21.04,21.07,@
248,21.07,21.1,l
249,21.1,21.13,@
250,21.13,21.18,k
251,21.18,21.29,<p:>
252,21.29,21.32,h
253,21.32,21.56,e:
254,21.56,21.6,r
255,21.6,21.64,l
256,21.64,21.67,@
257,21.67,21.76,g
258,21.76,21.81,d
259,21.81,21.86,a:
260,21.86,21.91,r
261,21.91,21.97,b
262,21.97,22.13,9y
263,22.13,22.2,t
264,22.2,22.23,@
265,22.23,22.3,O
266,22.3,22.35,p
267,22.35,22.39,@
268,22.39,22.42,d
269,22.42,22.51,l
270,22.51,22.58,A
271,22.58,22.64,n
272,22.64,22.68,t
273,22.68,23.49,<p:>
274,23.49,23.53,d
275,23.53,23.58,o:
276,23.58,23.61,r
277,23.61,23.64,d
278,23.64,23.68,E
279,23.68,23.85,x
280,23.85,23.89,l
281,23.89,23.95,A
282,23.95,24.0,n
283,24.0,24.07,s
284,24.07,24.12,d
285,24.12,24.17,E
286,24.17,24.25,r
287,24.25,24.33,z
288,24.33,24.41,O
289,24.41,24.49,n
290,24.49,24.54,b
291,24.54,24.57,@
292,24.57,24.61,s
293,24.61,24.74,x
294,24.74,24.88,e:
295,24.88,24.91,n
296,24.91,24.94,@
297,24.94,25.03,n
298,25.03,25.31,<p:>
299,25.31,25.36,s
300,25.36,25.4,t
301,25.4,25.46,O
302,25.46,25.51,n
303,25.51,25.55,d
304,25.55,25.66,a:
305,25.66,25.69,@
306,25.69,25.73,n
307,25.73,25.93,Au
308,25.93,25.99,t
309,25.99,26.07,k
310,26.07,26.11,A
311,26.11,26.23,s
312,26.23,26.3,t
313,26.3,26.4,e:
314,26.4,26.53,l
315,26.53,26.8,<p:>
316,26.8,26.86,t
317,26.86,26.9,A
318,26.9,26.96,d
319,26.96,26.99,d
320,26.99,27.03,o:
321,27.03,27.07,r
322,27.07,27.1,@
323,27.1,27.19,n
324,27.19,27.24,<p:>
325,27.24,27.28,t
326,27.28,27.37,i
327,27.37,27.45,p
328,27.45,27.49,@
329,27.49,27.63,x
330,27.63,27.66,r
331,27.66,27.73,A
332,27.73,27.82,x
333,27.82,27.88,t
334,27.88,27.92,O
335,27.92,27.96,m
336,27.96,28.09,G
337,28.09,28.21,e:
338,28.21,28.27,v
339,28.27,28.3,@
340,28.3,28.37,w
341,28.37,28.45,A
342,28.45,28.59,s
343,28.59,29.12,<p:>
344,29.12,29.21,E
345,29.21,29.29,v
346,29.29,29.35,A
347,29.35,29.39,n
348,29.39,29.42,d
349,29.42,29.45,E
350,29.45,29.57,m
351,29.57,29.74,y
352,29.74,29.82,r
353,29.82,29.91,t
354,29.91,29.97,O
355,29.97,30.03,t
356,30.03,30.09,a:
357,30.09,30.13,n
358,30.13,30.2,@
359,30.2,30.23,t
360,30.23,30.3,w
361,30.3,30.46,a:
362,30.46,30.54,t
363,30.54,30.57,@
364,30.57,30.62,r
365,30.62,30.94,<p:>
366,30.94,30.99,x
367,30.99,31.02,r
368,31.02,31.14,u
369,31.14,31.17,j
370,31.17,31.23,d
371,31.23,31.33,@
372,31.33,31.39,n
373,31.39,31.43,d
374,31.43,31.5,I
375,31.5,31.59,x
376,31.59,31.65,t
377,31.65,31.71,<p:>
378,31.71,31.75,k
379,31.75,31.8,r
380,31.8,31.91,9:
381,31.91,31.99,p
382,31.99,32.02,@
383,32.02,32.05,l
384,32.05,32.11,h
385,32.11,32.23,Au
386,32.23,32.32,t
387,32.32,33.18,<p:>
388,33.18,33.25,t
389,33.25,33.29,@
390,33.29,33.4,m
391,33.4,33.47,I
392,33.47,33.51,d
393,33.51,33.55,@
394,33.55,33.6,n
395,33.6,33.64,h
396,33.64,33.73,i
397,33.73,33.76,r
398,33.76,33.84,v
399,33.84,33.91,A
400,33.91,33.99,n
401,33.99,34.25,<p:>
402,34.25,34.29,s
403,34.29,34.35,A
404,34.35,34.4,t
405,34.4,34.48,I
406,34.48,34.53,n
407,34.53,34.61,a:
408,34.61,34.64,r
409,34.64,34.71,n
410,34.71,34.79,E
411,34.79,34.9,s
412,34.9,35.02,t
413,35.02,35.05,@
414,35.05,35.11,n
415,35.11,35.18,<p:>
416,35.18,35.31,e:
417,35.31,35.39,n
418,35.39,35.47,t
419,35.47,35.71,<p:>
420,35.71,35.74,d
421,35.74,35.86,i
422,35.86,35.92,a:
423,35.92,35.95,r
424,35.95,36.04,j
425,36.04,36.09,O
426,36.09,36.14,N
427,36.14,36.17,@
428,36.17,36.25,m
429,36.25,36.31,u
430,36.31,36.35,s
431,36.35,36.39,t
432,36.39,36.52,9y
433,36.52,36.56,d
434,36.56,36.61,b
435,36.61,36.67,r
436,36.67,36.76,u
437,36.76,36.79,d
438,36.79,36.83,@
439,36.83,36.9,n
440,36.9,37.6,<p:>
441,37.6,37.63,m
442,37.63,37.68,a:
443,37.68,37.72,@
444,37.72,37.75,d
445,37.75,37.8,p
446,37.8,37.84,@
447,37.84,37.96,x
448,37.96,37.99,O
449,37.99,38.04,n
450,38.04,38.12,h
451,38.12,38.18,a:
452,38.18,38.28,p
453,38.28,38.42,Ei
454,38.42,38.47,n
455,38.47,38.52,a:
456,38.52,38.61,t
457,38.61,38.65,@
458,38.65,38.71,v
459,38.71,38.76,@
460,38.76,38.79,r
461,38.79,38.86,v
462,38.86,39.0,e:
463,39.0,39.03,l
464,39.03,39.06,@
465,39.06,39.17,n
466,39.17,39.54,<p:>
467,39.54,39.59,s
468,39.59,39.72,o:
469,39.72,39.77,l
470,39.77,39.84,A
471,39.84,39.89,N
472,39.89,39.95,d
473,39.95,40.08,y
474,40.08,40.11,r
475,40.11,40.15,d
476,40.15,40.27,@
477,40.27,40.35,t
478,40.35,40.62,<p:>
479,40.62,40.7,e:
480,40.7,40.77,r
481,40.77,40.8,@
482,40.8,40.9,j
483,40.9,40.93,O
484,40.93,40.99,N
485,40.99,41.02,@
486,41.02,41.05,n
487,41.05,41.21,9y
488,41.21,41.25,t
489,41.25,41.32,k
490,41.32,41.35,w
491,41.35,41.5,a:
492,41.5,41.54,m
493,41.54,41.57,@
494,41.57,41.65,n
495,41.65,42.34,<p:>
496,42.34,42.39,d
497,42.39,42.47,a:
498,42.47,42.51,r
499,42.51,42.59,b
500,42.59,42.74,Ei
501,42.74,42.84,k
502,42.84,42.87,r
503,42.87,42.91,e:
504,42.91,42.99,x
505,42.99,43.03,s
506,43.03,43.09,Ei
507,43.09,43.19,z
508,43.19,43.22,E
509,43.22,43.32,l
510,43.32,43.35,d
511,43.35,43.38,@
512,43.38,43.47,b
513,43.47,43.5,@
514,43.5,43.6,z
515,43.6,43.66,u
516,43.66,43.76,k
517,43.76,44.17,<p:>
518,44.17,44.21,w
519,44.21,44.27,A
520,44.27,44.31,n
521,44.31,44.35,d
522,44.35,44.5,A
523,44.5,44.58,n
524,44.58,44.61,@
525,44.61,44.64,r
526,44.64,44.69,@
527,44.69,44.86,e:
528,44.86,44.92,n
529,44.92,44.96,d
530,44.96,45.0,@
531,45.0,45.07,n
532,45.07,45.35,<p:>
533,45.35,45.38,s
534,45.38,45.42,w
535,45.42,45.54,O
536,45.54,45.59,m
537,45.59,45.63,@
538,45.63,45.71,l
539,45.71,45.79,i
540,45.79,45.84,v
541,45.84,45.87,@
542,45.87,45.9,r
543,45.9,45.98,I
544,45.98,46.05,n
545,46.05,46.08,@
546,46.08,46.19,x
547,46.19,46.22,r
548,46.22,46.28,A
549,46.28,46.39,x
550,46.39,46.45,r
551,46.45,46.57,O
552,46.57,46.62,n
553,46.62,46.67,t
554,46.67,46.95,<p:>
555,46.95,47.0,d
556,47.0,47.07,A
557,47.07,47.11,n
558,47.11,47.2,d
559,47.2,47.24,A
560,47.24,47.34,t
561,47.34,47.39,s
562,47.39,47.45,Ei
563,47.45,47.52,e:
564,47.52,47.56,n
565,47.56,47.62,z
566,47.62,47.71,9y
567,47.71,47.74,d
568,47.74,47.8,@
569,47.8,47.85,t
570,47.85,47.88,w
571,47.88,48.02,a:
572,48.02,48.07,t
573,48.07,48.11,@
574,48.11,48.19,k
575,48.19,48.22,w
576,48.22,48.36,a:
577,48.36,48.4,m
578,48.4,48.43,@
579,48.43,48.5,m
580,48.5,48.55,<p:>
581,48.55,48.63,O
582,48.63,48.66,m
583,48.66,48.71,m
584,48.71,48.74,E
585,48.74,48.81,t
586,48.81,48.85,a:
587,48.85,48.9,r
588,48.9,48.98,t
589,48.98,49.02,@
590,49.02,49.12,p
591,49.12,49.16,r
592,49.16,49.3,a:
593,49.3,49.37,t
594,49.37,49.46,@
595,49.46,50.7,<p:>
596,50.7,50.86,Ei
597,50.86,50.96,n
598,50.96,51.0,@
599,51.0,51.07,l
600,51.07,51.12,@
601,51.12,51.18,k
602,51.18,51.29,x
603,51.29,51.32,I
604,51.32,51.35,N
605,51.35,51.41,@
606,51.41,51.45,t
607,51.45,51.54,<p:>
608,51.54,51.68,e:
609,51.68,51.75,n
610,51.75,51.83499,@
611,51.83499,52.03998,Ei
612,52.03998,52.13,n
613,52.13,52.25,a:
614,52.25,52.32,t
615,52.32,52.43,A
616,52.43,52.49,n
617,52.49,52.52,d
618,52.52,52.55,@
619,52.55,52.6,r
620,52.6,52.64,@
621,52.64,52.87,o:
622,52.87,52.94,p
623,52.94,52.98,@
624,52.98,53.05,n
625,53.05,53.71,<p:>
626,53.71,53.76,@
627,53.76,53.87,x
628,53.87,53.91,@
629,53.91,54.0,p
630,54.0,54.09,i
631,54.09,54.12499,p
632,54.12499,54.18998,t
633,54.18998,54.29,e:
634,54.29,54.34,t
635,54.34,54.37,s
636,54.37,54.4,I
637,54.4,54.47,x
638,54.47,54.51,h
639,54.51,54.64,o:
640,54.64,54.67,r
641,54.67,54.7,@
642,54.7,54.75,n
643,54.75,54.99,<p:>
644,54.99,55.09,E
645,55.09,55.15,n
646,55.15,55.25,A
647,55.25,55.37,l
648,55.37,55.41,d
649,55.41,55.46,@
650,55.46,55.52,n
651,55.52,55.57,d
652,55.57,55.72,o:
653,55.72,55.75,r
654,55.75,55.79,@
655,55.79,55.86,n
656,55.86,55.93,f
657,55.93,55.96,A
658,55.96,56.03,m
659,56.03,56.08,@
660,56.08,56.24,Ei
661,56.24,56.29,j
662,56.29,56.32,@
663,56.32,56.35,r
664,56.35,56.38,@
665,56.38,56.45,m
666,56.45,56.68,<p:>
667,56.68,56.74,w
668,56.74,56.78,a:
669,56.78,56.85,r
670,56.85,56.89,@
671,56.89,57.0,n
672,57.0,57.04,l
673,57.04,57.18,e:
674,57.18,57.23,v
675,57.23,57.26,@
676,57.26,57.29,n
677,57.29,57.32,t
678,57.32,57.44,x
679,57.44,57.47,@
680,57.47,57.54,w
681,57.54,57.6,O
682,57.6,57.66,r
683,57.66,57.69,d
684,57.69,57.72,@
685,57.72,57.78,n
686,57.78,58.09,<p:>
687,58.09,58.15,E
688,58.15,58.22,s
689,58.22,58.27,t
690,58.27,58.35,a:
691,58.35,58.43,k
692,58.43,58.46,@
693,58.46,58.49,d
694,58.49,58.52,@
695,58.52,58.64,k
696,58.64,58.69,O
697,58.69,58.78,p
698,58.78,58.81,j
699,58.81,58.84,@
700,58.84,58.95,s
701,58.95,59.09,9y
702,59.09,59.12,d
703,59.12,59.15,@
704,59.15,59.22,s
705,59.22,59.32,x
706,59.32,59.48,a:
707,59.48,59.51,l
708,59.51,59.55,@
709,59.55,59.65,n
710,59.65,60.87,<p:>
711,60.87,60.94,f
712,60.94,60.99,l
713,60.99,61.04,Y
714,61.04,61.14,x
715,61.14,61.17,w
716,61.17,61.25,A
717,61.25,61.35,t
718,61.35,61.41,<p:>
719,61.41,61.5,f
720,61.5,61.56,l
721,61.56,61.62,Y
722,61.62,61.83,x
723,61.83,62.18,<p:>
724,62.18,62.24,s
725,62.24,62.33,Ei
726,62.33,62.36,d
727,62.36,62.39,@
728,62.39,62.49,z
729,62.49,62.58,Ei
730,62.58,63.09,<p:>
731,63.09,63.25,E
732,63.25,63.38,n
733,63.38,63.54,y
734,63.54,63.62,<p:>
735,63.62,63.67,h
736,63.67,63.8,a:
737,63.8,63.91,z
738,63.91,63.97,i
739,63.97,64.01,N
740,64.01,64.06,z
741,64.06,64.1,I
742,64.1,64.19,x
743,64.19,64.3,A
744,64.3,64.4,l
745,64.4,64.44,d
746,64.44,64.47,@
747,64.47,64.59,k
748,64.59,64.64,l
749,64.64,64.73,Ei
750,64.73,64.77,n
751,64.77,64.82,@
752,64.82,64.96,e:
753,64.96,65.03,n
754,65.03,65.06,t
755,65.06,65.11,j
756,65.11,65.14,@
757,65.14,65.23,s
758,65.23,65.3,<p:>
759,65.3,65.36,w
760,65.36,65.42,A
761,65.42,65.46,t
762,65.46,65.54,s
763,65.54,65.62,Ei
764,65.62,65.74,k
765,65.74,65.84,O
766,65.84,65.87,n
767,65.87,65.9,d
768,65.9,65.94,@
769,65.94,66.04,n
770,66.04,66.47,<p:>
771,66.47,66.54,E
772,66.54,66.57,n
773,66.57,66.64,z
774,66.64,66.68,Ei
775,66.68,66.76,k
776,66.76,66.79,w
777,66.79,66.91,a:
778,66.91,66.96,m
779,66.96,66.99,@
780,66.99,67.04,n
781,67.04,67.16,9y
782,67.16,67.23,t
783,67.23,67.27,@
784,67.27,67.32,<p:>
785,67.32,67.46,Ei
786,67.46,67.49,j
787,67.49,67.52,@
788,67.52,67.55,r
789,67.55,67.59,@
790,67.59,67.65,n
791,67.65,67.7,t
792,67.7,67.73,@
793,67.73,67.85,f
794,67.85,67.93,o:
795,67.93,67.96,r
796,67.96,68.02,s
797,68.02,68.12,x
798,68.12,68.19,Ei
799,68.19,68.27,n
800,68.27,68.55,<p:>
801,68.55,68.63,E
802,68.63,68.68,N
803,68.68,68.75,k
804,68.75,68.84,e:
805,68.84,68.91,k
806,68.91,68.95,@
807,68.95,69.01,n
808,69.01,69.07,a:
809,69.07,69.21,A
810,69.21,69.25,l
811,69.25,69.3,@
812,69.3,69.43,k
813,69.43,69.5,A
814,69.5,69.55,n
815,69.55,69.63,t
816,69.63,69.69,@
817,69.69,69.95,<p:>
818,69.95,70.03,O
819,70.03,70.08,n
820,70.08,70.11,d
821,70.11,70.14,@
822,70.14,70.18,@
823,70.18,70.3,x
824,70.3,70.33,r
825,70.33,70.38,u
826,70.38,70.42,n
827,70.42,70.49,@
828,70.49,70.54,b
829,70.54,70.58,l
830,70.58,70.73,a:
831,70.73,70.76,d
832,70.76,70.79,@
833,70.79,70.83,r
834,70.83,70.87,@
835,70.87,70.93,n
836,70.93,71.42,<p:>
837,71.42,71.58,E
838,71.58,71.63,n
839,71.63,71.66,d
840,71.66,71.69,@
841,71.69,71.78,m
842,71.78,71.86,u
843,71.86,71.91,d
844,71.91,71.95,@
845,71.95,71.99,r
846,71.99,72.06,l
847,72.06,72.12,i
848,72.12,72.19,t
849,72.19,72.25,s
850,72.25,72.28,@
851,72.28,72.37,k
852,72.37,72.5,Ei
853,72.5,72.58,k
854,72.58,72.61,@
855,72.61,72.67,n
856,72.67,72.88,<p:>
857,72.88,72.95,s
858,72.95,73.0,u
859,73.0,73.07,v
860,73.07,73.16,e:
861,73.16,73.19,l
862,73.19,73.28,A
863,73.28,73.34,s
864,73.34,73.39,s
865,73.39,73.43,Ei
866,73.43,73.46,m
867,73.46,73.53,a:
868,73.53,73.56,r
869,73.56,73.62,w
870,73.62,73.65,I
871,73.65,73.74,l
872,73.74,73.78,d
873,73.78,73.84,@
874,73.84,73.92,n
875,73.92,74.29,<p:>
876,74.29,74.33,w
877,74.33,74.37,A
878,74.37,74.4,n
879,74.4,74.43,t
880,74.43,74.56,x
881,74.56,74.59,r
882,74.59,74.67,u
883,74.67,74.8,n
884,74.8,74.88,<p:>
885,74.88,74.92,@
886,74.92,74.98,s
887,74.98,75.09,x
888,75.09,75.15,u
889,75.15,75.21,t
890,75.21,75.28,f
891,75.28,75.31,O
892,75.31,75.34,d
893,75.34,75.55,o:
894,75.55,75.65,G
895,75.65,75.68,@
896,75.68,75.75,n
897,75.75,77.05,<p:>
898,77.05,77.09,w
899,77.09,77.15,A
900,77.15,77.18,t
901,77.18,77.21,@
902,77.21,77.26,s
903,77.26,77.31,t
904,77.31,77.35,@
905,77.35,77.42,w
906,77.42,77.53,e:
907,77.53,77.57,r
908,77.57,77.6,@
909,77.6,77.64,l
910,77.64,77.67,t
911,77.67,77.7,t
912,77.7,77.74,O
913,77.74,77.79,G
914,77.79,77.9,x
915,77.9,77.95,r
916,77.95,78.21,o:
917,78.21,78.36,t
918,78.36,78.63,<p:>
919,78.63,78.69,s
920,78.69,78.78,Ei
921,78.78,78.82,d
922,78.82,78.87,A
923,78.87,78.97,l
924,78.97,79.01,d
925,79.01,79.04,@
926,79.04,79.14,j
927,79.14,79.18,O
928,79.18,79.26,N
929,79.26,79.3,@
930,79.3,79.36,n
931,79.36,79.74,<p:>
932,79.74,79.78,w
933,79.78,79.85,A
934,79.85,79.88,n
935,79.88,79.91,d
936,79.91,80.02,n
937,80.02,80.19,y
938,80.19,80.27,h
939,80.27,80.31,A
940,80.31,80.34,d
941,80.34,80.38,@
942,80.38,80.46,z
943,80.46,80.5,Ei
944,80.5,80.64,h
945,80.64,80.72,e:
946,80.72,80.77,l
947,80.77,80.8,w
948,80.8,80.87,A
949,80.87,80.9,t
950,80.9,80.95,<p:>
951,80.95,81.01,m
952,81.01,81.1,e:
953,81.1,81.15,r
954,81.15,81.25,p
955,81.25,81.3,l
956,81.3,81.41,a:
957,81.41,81.48,t
958,81.48,81.51,s
959,81.51,81.56,t
960,81.56,81.6,A
961,81.6,81.65,m
962,81.65,81.68,I
963,81.68,81.76,n
964,81.76,81.82,@
965,81.82,81.87,t
966,81.87,82.16,Ei
967,82.16,83.58,<p:>
968,83.58,83.62,d
969,83.62,83.71,E
970,83.71,83.78,N
971,83.78,83.81,k
972,83.81,83.89,j
973,83.89,83.94,@
974,83.94,84.19,<p:>
975,84.19,84.24,d
976,84.24,84.3,A
977,84.3,84.35,t
978,84.35,84.4,d
979,84.4,84.49,I
980,84.49,84.52,d
981,84.52,84.69,<p:>
982,84.69,84.75,d
983,84.75,84.78,@
984,84.78,84.86,h
985,84.86,85.04,e:
986,85.04,85.11,l
987,85.11,85.15,@
988,85.15,85.2,w
989,85.2,85.33,e:
990,85.33,85.36,r
991,85.36,85.39,@
992,85.39,85.42,l
993,85.42,85.49,t
994,85.49,85.57,I
995,85.57,85.71,s
996,85.71,86.1,<p:>
997,86.1,86.16,s
998,86.16,86.24,Ei
999,86.24,86.29,d
1000,86.29,86.33,@
1001,86.33,86.37,m
1002,86.37,86.47,u
1003,86.47,86.5,d
1004,86.5,86.56,@
1005,86.56,87.33,<p:>
1006,87.33,87.36,d
1007,87.36,87.45,i
1008,87.45,87.54,s
1009,87.54,87.59,t
1010,87.59,87.63,r
1011,87.63,87.69,E
1012,87.69,87.74,k
1013,87.74,87.79,<p:>
1014,87.79,87.84,s
1015,87.84,87.89,I
1016,87.89,87.94,G
1017,87.94,87.99,n
1018,87.99,88.05,O
1019,88.05,88.09,G
1020,88.09,88.24,f
1021,88.24,88.37,E
1022,88.37,88.44,r
1023,88.44,88.56,a:
1024,88.56,88.6,n
1025,88.6,88.64,d
1026,88.64,88.67,E
1027,88.67,88.79,A
1028,88.79,88.86,n
1029,88.86,88.91,d
1030,88.91,88.97,@
1031,88.97,89.01,r
1032,89.01,89.12,k
1033,89.12,89.2,A
1034,89.2,89.24,n
1035,89.24,89.34,f
1036,89.34,89.37,A
1037,89.37,89.4,m
1038,89.4,89.43,@
1039,89.43,89.47,t
1040,89.47,89.56,x
1041,89.56,89.59,@
1042,89.59,89.67,b
1043,89.67,89.77,o:
1044,89.77,89.83,m
1045,89.83,89.89,t
1046,89.89,90.11,9y
1047,90.11,90.21,t
1048,90.21,90.61,<p:>
1049,90.61,90.65,t
1050,90.65,90.69,O
1051,90.69,90.74,t
1052,90.74,90.78,A
1053,90.78,90.81,n
1054,90.81,90.86,d
1055,90.86,90.92,E
1056,90.92,90.99,n
1057,90.99,91.04,t
1058,91.04,91.15,9y
1059,91.15,91.2,n
1060,91.2,91.28,f
1061,91.28,91.31,A
1062,91.31,91.34,n
1063,91.34,91.37,d
1064,91.37,91.41,E
1065,91.41,91.49,p
1066,91.49,91.55,A
1067,91.55,91.66,s
1068,91.66,91.72,t
1069,91.72,91.83,o:
1070,91.83,91.96,r
1071,91.96,92.54,<p:>
1072,92.54,92.59,m
1073,92.59,92.65,a:
1074,92.65,92.7,r
1075,92.7,92.75,<p:>
1076,92.75,92.79,d
1077,92.79,92.95,a:
1078,92.95,93.0,r
1079,93.0,93.06,b
1080,93.06,93.09,E
1081,93.09,93.13,N
1082,93.13,93.16,I
1083,93.16,93.19,g
1084,93.19,93.22,n
1085,93.22,93.28,O
1086,93.28,93.35,x
1087,93.35,93.43,n
1088,93.43,93.52,o:
1089,93.52,93.55,j
1090,93.55,93.6,t
1091,93.6,93.7,G
1092,93.7,93.73,@
1093,93.73,93.78,w
1094,93.78,93.89,e:
1095,93.89,93.97,s
1096,93.97,95.31,<p:>
1097,95.31,95.36,j
1098,95.36,95.4,b
1099,95.4,95.47,E
1100,95.47,95.5,n
1101,95.5,95.53,t
1102,95.53,95.57,O
1103,95.57,95.61,x
1104,95.61,95.69,A
1105,95.69,95.72,l
1106,95.72,95.75,@
1107,95.75,95.81,m
1108,95.81,95.86,A
1109,95.86,95.89,l
1110,95.89,95.93,w
1111,95.93,95.96,E
1112,95.96,96.02,l
1113,96.02,96.06,p
1114,96.06,96.14,Ei
1115,96.14,96.21,E
1116,96.21,96.24,l
1117,96.24,96.35,k
1118,96.35,96.49,a:
1119,96.49,96.62,r
1120,96.62,97.08,<p:>
1121,97.08,97.15,f
1122,97.15,97.18,@
1123,97.18,97.21,r
1124,97.21,97.28,v
1125,97.28,97.34,O
1126,97.34,97.38,l
1127,97.38,97.52,G
1128,97.52,97.55,d
1129,97.55,97.61,z
1130,97.61,97.66,Ei
1131,97.66,97.86,<p:>
1132,97.86,97.9,@
1133,97.9,97.93,n
1134,97.93,97.99,s
1135,97.99,98.03,t
1136,98.03,98.09,O
1137,98.09,98.13,n
1138,98.13,98.17,d
1139,98.17,98.27,O
1140,98.27,98.33,p
1141,98.33,99.12,<p:>
1142,99.12,99.17,n
1143,99.17,99.31,e:
1144,99.31,99.36,n
1145,99.36,99.43,<p:>
1146,99.43,99.51,I
1147,99.51,99.59,k
1148,99.59,99.63,E
1149,99.63,99.66,p
1150,99.66,99.74,s
1151,99.74,99.77,n
1152,99.77,99.81,O
1153,99.81,99.84,G
1154,99.84,99.87,n
1155,99.87,99.94,i
1156,99.94,99.99,t
1157,99.99,100.06,A
1158,100.06,100.09,l
1159,100.09,100.12,@
1160,100.12,100.19,m
1161,100.19,100.34,a:
1162,100.34,100.42,l
1163,100.42,100.76,<p:>
1164,100.76,100.81,@
1165,100.81,100.84,t
1166,100.84,100.92,x
1167,100.92,100.95,r
1168,100.95,101.07,o:
1169,101.07,101.1,t
1170,101.1,101.16,s
1171,101.16,101.21,t
1172,101.21,101.42,Ei
1173,101.42,101.48,l
1174,101.48,101.53,I
1175,101.53,101.61,x
1176,101.61,101.65,d
1177,101.65,101.71,a:
1178,101.71,101.75,r
1179,101.75,101.79,n
1180,101.79,101.86,O
1181,101.86,102.01,x
1182,102.01,102.49,<p:>
1183,102.49,102.53,h
1184,102.53,102.64,u
1185,102.64,102.7,l
1186,102.7,102.76,A
1187,102.76,102.83,N
1188,102.83,102.89,z
1189,102.89,102.93,A
1190,102.93,102.96,l
1191,102.96,103.0,@
1192,103.0,103.03,d
1193,103.03,103.06,n
1194,103.06,103.13,O
1195,103.13,103.17,G
1196,103.17,103.21,w
1197,103.21,103.24,E
1198,103.24,103.34,l
1199,103.34,103.37,d
1200,103.37,103.57,y
1201,103.57,103.61,r
1202,103.61,103.69,@
1203,103.69,103.88,<p:>
1204,103.88,103.97,e:
1205,103.97,104.03,r
1206,104.03,104.1,d
1207,104.1,104.19,A
1208,104.19,104.25,d
1209,104.25,104.41,9y
1210,104.41,104.44,t
1211,104.44,104.54,k
1212,104.54,104.6,O
1213,104.6,104.67,m
1214,104.67,104.73,t
1215,104.73,105.36,<p:>
1216,105.36,105.42,n
1217,105.42,105.55,y
1218,105.55,105.61,b
1219,105.61,105.64,@
1220,105.64,105.76,G
1221,105.76,105.79,I
1222,105.79,105.82,n
1223,105.82,105.85,d
1224,105.85,105.91,@
1225,105.91,105.95,d
1226,105.95,105.99,m
1227,105.99,106.03,Ei
1228,106.03,106.16,h
1229,106.16,106.28,a:
1230,106.28,106.36,s
1231,106.36,106.42,t
1232,106.42,106.45,@
1233,106.45,106.5,v
1234,106.5,106.53,@
1235,106.53,106.56,r
1236,106.56,106.64,v
1237,106.64,106.81,e:
1238,106.81,106.84,l
1239,106.84,106.87,@
1240,106.87,106.96,n
1241,106.96,107.81,<p:>
1242,107.81,107.93,E
1243,107.93,108.0,z
1244,108.0,108.04,Ei
1245,108.04,108.13,x
1246,108.13,108.17,I
1247,108.17,108.22,N
1248,108.22,108.25,E
1249,108.25,108.3,r
1250,108.3,108.35,w
1251,108.35,108.39,e:
1252,108.39,108.44,r
1253,108.44,108.51,O
1254,108.51,108.59,p
1255,108.59,108.67,s
1256,108.67,108.72,I
1257,108.72,108.83,t
1258,108.83,108.86,@
1259,108.86,108.98,n
1260,108.98,110.01,<p:>
1261,110.01,110.04,w
1262,110.04,110.34,E
1263,110.34,110.46,l
1264,110.46,110.56,z
1265,110.56,110.85,o:
1266,110.85,111.15,<p:>
1267,111.15,111.18,h
1268,111.18,111.24,u
1269,111.24,111.34,x
1270,111.34,111.5,a:
1271,111.5,111.53,d
1272,111.53,111.63,@
1273,111.63,111.66,t
1274,111.66,112.26,<p:>
1275,112.26,112.29,f
1276,112.29,112.32,r
1277,112.32,112.36,u
1278,112.36,112.41,G
1279,112.41,112.45,@
1280,112.45,112.49,m
1281,112.49,112.65,Au
1282,112.65,112.68,d
1283,112.68,112.71,@
1284,112.71,112.89,e:
1285,112.89,112.93,n
1286,112.93,112.98,t
1287,112.98,113.21,<p:>
1288,113.21,113.25,d
1289,113.25,113.34,i
1290,113.34,113.48,a:
1291,113.48,113.52,e:
1292,113.52,113.56,n
1293,113.56,113.6,t
1294,113.6,113.64,s
1295,113.64,113.67,@
1296,113.67,113.71,m
1297,113.71,113.77,b
1298,113.77,113.82,@
1299,113.82,113.9,z
1300,113.9,113.97,u
1301,113.97,114.01,g
1302,114.01,114.07,k
1303,114.07,114.1,w
1304,114.1,114.15,A
1305,114.15,114.19,m
1306,114.19,114.25,b
1307,114.25,114.29,r
1308,114.29,114.32,E
1309,114.32,114.42,N
1310,114.42,114.45,@
1311,114.45,114.55,n
1312,114.55,115.74,<p:>
1313,115.74,115.82,E
1314,115.82,115.85499,t
1315,115.85499,115.88998,d
1316,115.88998,115.96,y
1317,115.96,116.02,r
1318,116.02,116.05,t
1319,116.05,116.16,x
1320,116.16,116.2,@
1321,116.2,116.36,d
1322,116.36,116.4,u
1323,116.4,116.47,x
1324,116.47,116.52,<p:>
1325,116.52,116.65,l
1326,116.65,116.72,A
1327,116.72,116.79,N
1328,116.79,116.83,m
1329,116.83,116.86,E
1330,116.86,116.89,d
1331,116.89,116.92,d
1332,116.92,116.96,A
1333,116.96,117.01,t
1334,117.01,117.15,e:
1335,117.15,117.2,n
1336,117.2,117.23,@
1337,117.23,117.5,Ei
1338,117.5,117.77,<p:>
1339,117.77,117.81,s
1340,117.81,117.91,Ei
1341,117.91,117.95,d
1342,117.95,117.99,@
1343,117.99,118.12,e:
1344,118.12,118.18,n
1345,118.18,118.23,t
1346,118.23,118.48,<p:>
1347,118.48,118.51,d
1348,118.51,118.63,i
1349,118.63,118.67,@
1350,118.67,118.71,n
1351,118.71,118.8,y
1352,118.8,118.87,w
1353,118.87,118.91,e:
1354,118.91,119.01,O
1355,119.01,119.08,p
1356,119.08,119.17,s
1357,119.17,119.25,A
1358,119.25,119.3,t
1359,119.3,119.82,<p:>
1360,119.82,119.86,h
1361,119.86,119.93,E
1362,119.93,119.99,t
1363,119.99,120.03,w
1364,120.03,120.07,I
1365,120.07,120.16,l
1366,120.16,120.2,m
1367,120.2,120.24,a:
1368,120.24,120.27,r
1369,120.27,120.3,n
1370,120.3,120.35,i
1371,120.35,120.4,t
1372,120.4,120.56,o:
1373,120.56,120.63,p
1374,120.63,120.66,@
1375,120.66,120.77,G
1376,120.77,120.87,a:
1377,120.87,120.93,n
1378,120.93,121.53,<p:>
1379,121.53,121.59,m
1380,121.59,121.63,a:
1381,121.63,121.66,r
1382,121.66,121.78,k
1383,121.78,121.84,Ei
1384,121.84,121.9,k
1385,121.9,121.93,@
1386,121.93,121.96,n
1387,121.96,122.0,s
1388,122.0,122.04,n
1389,122.04,122.08,a:
1390,122.08,122.12,d
1391,122.12,122.27,A
1392,122.27,122.32,n
1393,122.32,122.35,d
1394,122.35,122.38,@
1395,122.38,122.42,r
1396,122.42,122.45,@
1397,122.45,122.51,n
1398,122.51,122.89,<p:>
1399,122.89,122.94,s
1400,122.94,123.02,@
1401,123.02,123.05,n
1402,123.05,123.08,d
1403,123.08,123.12,A
1404,123.12,123.18,t
1405,123.18,123.23,n
1406,123.23,123.29,i
1407,123.29,123.36,t
1408,123.36,123.54,@
1409,123.54,123.57,l
1410,123.57,123.65,i
1411,123.65,123.73,f
1412,123.73,123.77,s
1413,123.77,123.83,t
1414,123.83,123.87,@
1415,123.87,124.01,e:
1416,124.01,124.08,n
1417,124.08,124.12,t
1418,124.12,124.16,j
1419,124.16,124.19,@
1420,124.19,124.27,s
1421,124.27,124.46,<p:>
1422,124.46,124.5,t
1423,124.5,124.58,i
1424,124.58,124.65,j
1425,124.65,124.68,@
1426,124.68,124.87,o:
1427,124.87,124.9,j
1428,124.9,124.96,t
1429,124.96,125.03,f
1430,125.03,125.06,A
1431,125.06,125.15,j
1432,125.15,125.18,@
1433,125.18,125.29,l
1434,125.29,125.42,e:
1435,125.42,125.48,v
1436,125.48,125.52,@
1437,125.52,125.59,G
1438,125.59,125.65,@
1439,125.65,125.72,z
1440,125.72,125.8,i
1441,125.8,125.86,n
1442,125.86,125.95,E
1443,125.95,126.04,t
1444,126.04,126.57,<p:>
1445,126.57,126.65,s
1446,126.65,126.7,Ei
1447,126.7,126.75,l
1448,126.75,126.85,Ei
1449,126.85,126.91,k
1450,126.91,127.06,A
1451,127.06,127.1,l
1452,127.1,127.13,@
1453,127.13,127.2,m
1454,127.2,127.33,A
1455,127.33,127.38,l
1456,127.38,127.47,p
1457,127.47,127.53,r
1458,127.53,127.59,@
1459,127.59,127.75,s
1460,127.75,127.84,i
1461,127.84,127.89,s
1462,127.89,127.94,O
1463,127.94,128.02,p
1464,128.02,128.09,Y
1465,128.09,128.13,n
1466,128.13,128.21,f
1467,128.21,128.38,a:
1468,128.38,128.41,d
1469,128.41,128.44,@
1470,128.44,128.49,r
1471,128.49,129.03,<p:>
1472,129.03,129.11,m
1473,129.11,129.15,a:
1474,129.15,129.19,r
1475,129.19,129.22,d
1476,129.22,129.28,i
1477,129.28,129.33,<p:>
1478,129.33,129.44,O
1479,129.44,129.52,n
1480,129.52,129.55,d
1481,129.55,129.66,9:
1482,129.66,129.72,x
1483,129.72,129.9,<p:>
1484,129.9,129.95,k
1485,129.95,130.01,O
1486,130.01,130.04,m
1487,130.04,130.07,t
1488,130.07,130.1,m
1489,130.1,130.16,Ei
1490,130.16,130.21,n
1491,130.21,130.29,i
1492,130.29,130.33,t
1493,130.33,130.42,e:
1494,130.42,130.46,n
1495,130.46,130.52,s
1496,130.52,130.6,p
1497,130.6,130.65,@
1498,130.65,130.72,z
1499,130.72,130.79,u
1500,130.79,130.85,k
1501,130.85,130.9,@
1502,130.9,131.03,n
1503,131.03,132.45,<p:>
1504,132.45,132.53,l
1505,132.53,132.62,a:
1506,132.62,132.67,d
1507,132.67,132.74,m
1508,132.74,132.92,Ei
1509,132.92,132.95,t
1510,132.95,133.24,Ei
1511,133.24,133.49,<p:>
1512,133.49,133.54,t
1513,133.54,133.61,A
1514,133.61,133.66,d
1515,133.66,133.69,n
1516,133.69,133.76,i
1517,133.76,133.83,t
1518,133.83,133.87,w
1519,133.87,133.9,I
1520,133.9,133.95,l
1521,133.95,134.1,o:
1522,134.1,134.16,p
1523,134.16,134.19,@
1524,134.19,134.31,G
1525,134.31,134.4,a:
1526,134.4,134.48,n
1527,134.48,134.86,<p:>
1528,134.86,134.95,e:
1529,134.95,134.99,n
1530,134.99,135.03,t
1531,135.03,135.14,s
1532,135.14,135.17,z
1533,135.17,135.25,i
1534,135.25,135.36,n
1535,135.36,135.89,<p:>
1536,135.89,135.94,s
1537,135.94,136.04,Ei
1538,136.04,136.08,d
1539,136.08,136.25,Au
1540,136.25,136.28,d
1541,136.28,136.32,@
1542,136.32,136.46,e:
1543,136.46,136.5,n
1544,136.5,136.56,t
1545,136.56,137.27,<p:>
1546,137.27,137.39,x
1547,137.39,137.47,@
1548,137.47,137.51,l
1549,137.51,137.65,o:
1550,137.65,137.74,f
1551,137.74,137.82,m
1552,137.82,137.87,Ei
1553,137.87,138.25,<p:>
1554,138.25,138.35,E
1555,138.35,138.38,d
1556,138.38,138.42,I
1557,138.42,138.5,z
1558,138.5,138.59,@
1559,138.59,138.69,k
1560,138.69,138.73,A
1561,138.73,138.83,l
1562,138.83,138.97,k
1563,138.97,139.07,u
1564,139.07,139.12,n
1565,139.12,139.18,@
1566,139.18,139.21,t
1567,139.21,139.42,Ei
1568,139.42,140.04,<p:>
1569,140.04,140.11,I
1570,140.11,140.17,g
1571,140.17,140.24,b
1572,140.24,140.3,E
1573,140.3,140.45,<p:>
1574,140.45,140.59,o:
1575,140.59,140.68,k
1576,140.68,140.77,e:
1577,140.77,140.81,n
1578,140.81,140.86,t
1579,140.86,140.9,s
1580,140.9,140.95,@
1581,140.95,141.06,z
1582,141.06,141.14,o:
1583,141.14,141.26,b
1584,141.26,141.36,e:
1585,141.36,141.41,t
1586,141.41,141.49,x
1587,141.49,141.52,@
1588,141.52,141.58,n
1589,141.58,141.7,o:
1590,141.7,141.76,m
1591,141.76,141.83,@
1592,141.83,142.23,<p:>
1593,142.23,142.3,E
1594,142.3,142.36,N
1595,142.36,142.4,h
1596,142.4,142.45,A
1597,142.45,142.48,d
1598,142.48,142.52,t
1599,142.52,142.6,u
1600,142.6,142.67,n
1601,142.67,142.76,<p:>
1602,142.76,142.79,h
1603,142.79,142.88,e:
1604,142.88,142.94,l
1605,142.94,142.97,w
1606,142.97,143.05,A
1607,143.05,143.09,t
1608,143.09,143.17,w
1609,143.17,143.28,E
1610,143.28,143.32,r
1611,143.32,143.36,k
1612,143.36,143.42,m
1613,143.42,143.47,E
1614,143.47,143.5,d
1615,143.5,143.53,m
1616,143.53,143.59,Ei
1617,143.59,143.7,j
1618,143.7,143.74,O
1619,143.74,143.81,N
1620,143.81,143.85,@
1621,143.85,143.92,n
1622,143.92,144.22,<p:>
1623,144.22,144.26,w
1624,144.26,144.29,A
1625,144.29,144.32,n
1626,144.32,144.35,t
1627,144.35,144.4,s
1628,144.4,144.44,Ei
1629,144.44,144.48,w
1630,144.48,144.58,a:
1631,144.58,144.61,r
1632,144.61,144.69,@
1633,144.69,144.75,b
1634,144.75,144.85,A
1635,144.85,144.92,N
1636,144.92,145.01,f
1637,145.01,145.07,o:
1638,145.07,145.12,@
1639,145.12,145.15,t
1640,145.15,145.21,w
1641,145.21,145.39,a:
1642,145.39,145.43,t
1643,145.43,145.49,@
1644,145.49,146.54,<p:>
1645,146.54,146.6,I
1646,146.6,146.65,g
1647,146.65,146.73,k
1648,146.73,146.78,O
1649,146.78,146.82,n
1650,146.82,146.88,s
1651,146.88,146.94,@
1652,146.94,147.01,m
1653,147.01,147.06,a:
1654,147.06,147.09,r
1655,147.09,147.13,n
1656,147.13,147.22,i
1657,147.22,147.27,t
1658,147.27,147.38,I
1659,147.38,147.46,N
1660,147.46,147.5,k
1661,147.5,147.53,r
1662,147.53,147.69,Ei
1663,147.69,147.79,G
1664,147.79,147.82,@
1665,147.82,147.88,n
1666,147.88,148.35,<p:>
1667,148.35,148.4,h
1668,148.4,148.58,u
1669,148.58,148.64,I
1670,148.64,148.74,k
1671,148.74,148.85,o:
1672,148.85,148.88,g
1673,148.88,148.97,<p:>
1674,148.97,149.01,k
1675,149.01,149.04,w
1676,149.04,149.09,A
1677,149.09,149.24,k
1678,149.24,149.28,t
1679,149.28,149.35,@
1680,149.35,149.57,<p:>
1681,149.57,149.63,h
1682,149.63,149.68,E
1683,149.68,149.75,t
1684,149.75,149.85,<p:>
1685,149.85,149.88,h
1686,149.88,149.92,i
1687,149.92,150.01,l
1688,150.01,150.07,p
1689,150.07,150.16,m
1690,150.16,150.25,Ei
1691,150.25,150.38,n
1692,150.38,150.47,i
1693,150.47,150.53,m
1694,150.53,150.57,@
1695,150.57,150.64,n
1696,150.64,150.68,d
1697,150.68,150.82,A
1698,150.82,150.9,l
1699,150.9,151.8,<p:>
1700,151.8,151.84,l
1701,151.84,151.91,a:
1702,151.91,151.94,d
1703,151.94,152.0,m
1704,152.0,152.15,Ei
1705,152.15,152.18,t
1706,152.18,152.23,Ei
1707,152.23,152.39,e:
1708,152.39,152.42,n
1709,152.42,152.49,s
1710,152.49,152.55,s
1711,152.55,152.63,i
1712,152.63,152.77,n
1713,152.77,153.42,<p:>
1714,153.42,153.53,j
1715,153.53,153.81,a:
1716,153.81,154.05,<p:>
1717,154.05,154.11,t
1718,154.11,154.16,A
1719,154.16,154.26,t
1720,154.26,154.29,I
1721,154.29,154.33,z
1722,154.33,154.36,@
1723,154.36,154.4,n
1724,154.4,154.51,k
1725,154.51,154.54,A
1726,154.54,154.57,l
1727,154.57,154.75,k
1728,154.75,154.85,u
1729,154.85,154.9,n
1730,154.9,154.96,@
1731,154.96,154.99,t
1732,154.99,155.23,Ei
1733,155.23,155.7,<p:>
1734,155.7,155.81,l
1735,155.81,155.88,a:
1736,155.88,155.93499,d
1737,155.93499,155.98998,d
1738,155.98998,156.08,A
1739,156.08,156.11,d
1740,156.11,156.19,m
1741,156.19,156.26,a:
1742,156.26,156.29,r
1743,156.29,156.35,l
1744,156.35,156.43,I
1745,156.43,156.54,G
1746,156.54,156.59,@
1747,156.59,156.84,<p:>
1748,156.84,156.94,E
1749,156.94,157.01,l
1750,157.01,157.1,e:
1751,157.1,157.21,j
1752,157.21,157.34,A
1753,157.34,157.41,n
1754,157.41,157.44,d
1755,157.44,157.47,@
1756,157.47,157.52,r
1757,157.52,157.65,k
1758,157.65,157.74,I
1759,157.74,157.81,n
1760,157.81,157.84,@
1761,157.84,157.87,r
1762,157.87,157.9,@
1763,157.9,157.97,n
1764,157.97,158.21,<p:>
1765,158.21,158.24,l
1766,158.24,158.29,i
1767,158.29,158.35,v
1768,158.35,158.4,@
1769,158.4,158.44,r
1770,158.44,158.52,z
1771,158.52,158.55,w
1772,158.55,158.65,E
1773,158.65,158.75,m
1774,158.75,158.79,@
1775,158.79,158.86,n
1776,158.86,160.73,<p:>
1777,160.73,160.84,I
1778,160.84,160.9,k
1779,160.9,160.95,s
1780,160.95,160.99,A
1781,160.99,161.02,l
1782,161.02,161.05,@
1783,161.05,161.09,r
1784,161.09,161.18,<p:>
1785,161.18,161.21,t
1786,161.21,161.28,O
1787,161.28,161.33,x
1788,161.33,161.38,n
1789,161.38,161.43,O
1790,161.43,161.49,G
1791,161.49,161.52,@
1792,161.52,161.56,m
1793,161.56,161.62,b
1794,161.62,161.71,e:
1795,161.71,161.75,t
1796,161.75,161.8,j
1797,161.8,161.83,@
1798,161.83,161.86,O
1799,161.86,161.89,p
1800,161.89,161.92,b
1801,161.92,161.97,l
1802,161.97,162.07,Ei
1803,162.07,162.13,v
1804,162.13,162.16,@
1805,162.16,162.24,z
1806,162.24,162.3,I
1807,162.3,162.39,t
1808,162.39,162.42,@
1809,162.42,162.53,n
1810,162.53,162.8,<p:>
1811,162.8,162.93,A
1812,162.93,162.96,n
1813,162.96,163.01,t
1814,163.01,163.04,w
1815,163.04,163.14,o:
1816,163.14,163.17,r
1817,163.17,163.2,d
1818,163.2,163.23,@
1819,163.23,163.27,d
1820,163.27,163.33,@
1821,163.33,163.48,e:
1822,163.48,163.53,n
1823,163.53,163.6,t
1824,163.6,164.03,<p:>
1825,164.03,164.13,I
1826,164.13,164.22,k
1827,164.22,164.28,E
1828,164.28,164.32,b
1829,164.32,164.35,@
1830,164.35,164.39,r
1831,164.39,164.43,n
1832,164.43,164.51,y
1833,164.51,164.54,A
1834,164.54,164.62,l
1835,164.62,164.72,z
1836,164.72,164.86,o:
1837,164.86,164.93,l
1838,164.93,165.01,A
1839,165.01,165.04,N
1840,165.04,165.13,O
1841,165.13,165.19,p
1842,165.19,165.27,x
1843,165.27,165.31,@
1844,165.31,165.4,z
1845,165.4,165.53,e:
1846,165.53,165.6,t
1847,165.6,165.63,@
1848,165.63,165.69,n
1849,165.69,166.1,<p:>
1850,166.1,166.16,E
1851,166.16,166.22,n
1852,166.22,166.27,d
1853,166.27,166.31,Y
1854,166.31,166.41,s
1855,166.41,166.48,k
1856,166.48,166.53,A
1857,166.53,166.61,@
1858,166.61,166.65,k
1859,166.65,166.69,@
1860,166.69,166.72,n
1861,166.72,166.75,O
1862,166.75,166.82,x
1863,166.82,166.87,w
1864,166.87,166.9,E
1865,166.9,166.94,l
1866,166.94,167.01,@
1867,167.01,167.07,p
1868,167.07,167.11,a:
1869,167.11,167.17,r
1870,167.17,167.2,d
1871,167.2,167.32,a:
1872,167.32,167.41,x
1873,167.41,167.44,@
1874,167.44,167.51,O
1875,167.51,167.57,p
1876,167.57,167.65,s
1877,167.65,167.71,I
1878,167.71,167.79,t
1879,167.79,167.82,@
1880,167.82,167.93,n
1881,167.93,169.29,<p:>
1882,169.29,169.37,j
1883,169.37,169.41,@
1884,169.41,169.44,m
1885,169.44,169.48,u
1886,169.48,169.51,d
1887,169.51,169.6,@
1888,169.6,169.66,t
1889,169.66,169.75,s
1890,169.75,169.8,E
1891,169.8,169.95,l
1892,169.95,169.98,f
1893,169.98,170.03,w
1894,170.03,170.19,e:
1895,170.19,170.28,t
1896,170.28,170.35,@
1897,170.35,170.79,<p:>
1898,170.79,170.83,h
1899,170.83,170.86,E
1900,170.86,170.89,r
1901,170.89,170.92,n
1902,170.92,170.96,A
1903,170.96,171.01,m
1904,171.01,171.06,d
1905,171.06,171.27,Au
1906,171.27,171.3,d
1907,171.3,171.48,e:
1908,171.48,171.53,n
1909,171.53,171.58,t
1910,171.58,171.84,<p:>
1911,171.84,171.93,E
1912,171.93,172.03,x
1913,172.03,172.07,I
1914,172.07,172.14,N
1915,172.14,172.18,w
1916,172.18,172.25,E
1917,172.25,172.43,x
1918,172.43,173.48,<p:>
1919,173.48,173.63,Ei
1920,173.63,173.7,n
1921,173.7,173.74,d
1922,173.74,173.77,@
1923,173.77,173.81,l
1924,173.81,173.85,@
1925,173.85,173.92,k
1926,173.92,173.99,<p:>
1927,173.99,174.07,x
1928,174.07,174.15,I
1929,174.15,174.18,N
1930,174.18,174.22,t
1931,174.22,174.3,x
1932,174.3,174.33,r
1933,174.33,174.45,o:
1934,174.45,174.52,t
1935,174.52,174.55,@
1936,174.55,174.82,Ei
1937,174.82,174.99,o:
1938,174.99,175.08,p
1939,175.08,175.11,@
1940,175.11,175.2,n
1941,175.2,175.79,<p:>
1942,175.79,175.82,p
1943,175.82,175.86,i
1944,175.86,175.89,p
1945,175.89,176.17,<p:>
1946,176.17,176.22,p
1947,176.22,176.26,i
1948,176.26,176.29,j
1949,176.29,176.35,@
1950,176.35,176.63,<p:>
1951,176.63,176.66,s
1952,176.66,176.82,Ei
1953,176.82,177.37,<p:>
1954,177.37,177.4,h
1955,177.4,177.53,E
1956,177.53,177.58,d
1957,177.58,177.67,j
1958,177.67,177.71,O
1959,177.71,177.82,N
1960,177.82,178.17,<p:>
1961,178.17,178.25,E
1962,178.25,178.28,n
1963,178.28,178.35,k
1964,178.35,178.39,r
1965,178.39,178.49,o:
1966,178.49,178.58,b
1967,178.58,178.63,@
1968,178.63,178.67,r
1969,178.67,178.8,9y
1970,178.8,178.88,t
1971,178.88,179.62,<p:>
1972,179.62,179.68,h
1973,179.68,179.72,@
1974,179.72,179.75,t
1975,179.75,179.78,w
1976,179.78,179.82,A
1977,179.82,179.89,z
1978,179.89,179.93,@
1979,179.93,180.12,x
1980,180.12,180.15,r
1981,180.15,180.33,o:
1982,180.33,180.43,t
1983,180.43,180.52,<p:>
1984,180.52,180.6,E
1985,180.6,180.75,n
1986,180.75,180.79,l
1987,180.79,180.91,e:
1988,180.91,180.96,l
1989,180.96,180.99,@
1990,180.99,181.04,g
1991,181.04,181.12,<p:>
1992,181.12,181.16,b
1993,181.16,181.31,e:
1994,181.31,181.42,s
1995,181.42,182.2,<p:>
1996,182.2,182.24,d
1997,182.24,182.29,@
1998,182.29,182.47,e:
1999,182.47,182.54,n
2000,182.54,182.62,b
2001,182.62,182.65,@
2002,182.65,182.74,k
2003,182.74,182.83,e:
2004,182.83,182.9,g
2005,182.9,182.95,@
2006,182.95,182.98,d
2007,182.98,183.1,e:
2008,183.1,183.14,n
2009,183.14,183.19,t
2010,183.19,183.26,s
2011,183.26,184.22,<p:>
2012,184.22,184.25,w
2013,184.25,184.29,A
2014,184.29,184.34,t
2015,184.34,184.37,@
2016,184.37,184.45,s
2017,184.45,184.54,<p:>
2018,184.54,184.59,t
2019,184.59,184.67,A
2020,184.67,184.75,t
2021,184.75,184.81,@
2022,184.81,184.91,v
2023,184.91,184.99,@
2024,184.99,185.13,s
2025,185.13,185.16,x
2026,185.16,185.21,r
2027,185.21,185.28,I
2028,185.28,185.34,k
2029,185.34,185.37,@
2030,185.37,185.4,l
2031,185.4,185.43,@
2032,185.43,185.48,k
2033,185.48,185.56,x
2034,185.56,185.6,r
2035,185.6,185.73,o:
2036,185.73,185.8,t
2037,185.8,185.93,e:
2038,185.93,186.01,n
2039,186.01,186.09,t
2040,186.09,186.14,j
2041,186.14,186.2,@
2042,186.2,186.39,<p:>
2043,186.39,186.44,d
2044,186.44,186.5,A
2045,186.5,186.59,x
2046,186.59,186.62,t
2047,186.62,186.69,s
2048,186.69,186.77,Ei
2049,186.77,187.34,<p:>
2050,187.34,187.48,x
2051,187.48,187.6,e:
2052,187.6,187.66,n
2053,187.66,187.7,v
2054,187.7,187.77,A
2055,187.77,187.83,d
2056,187.83,188.01,A
2057,188.01,188.09,n
2058,188.09,188.12,d
2059,188.12,188.15,@
2060,188.15,188.18,r
2061,188.18,188.21,@
2062,188.21,188.29,n
2063,188.29,188.33,z
2064,188.33,188.4,i
2065,188.4,188.46,t
2066,188.46,188.51,@
2067,188.51,188.6,z
2068,188.6,188.76,o:
2069,188.76,188.91,9y
2070,188.91,189.0,t
2071,189.0,189.76,<p:>
2072,189.76,189.8,z
2073,189.8,189.91,Au
2074,189.91,189.95,@
2075,189.95,190.01,t
2076,190.01,190.04,m
2077,190.04,190.07,@
2078,190.07,190.1,s
2079,190.1,190.19,x
2080,190.19,190.24,i
2081,190.24,190.29,n
2082,190.29,190.34,@
2083,190.34,190.47,k
2084,190.47,190.5,A
2085,190.5,190.55,l
2086,190.55,190.7,k
2087,190.7,190.77,u
2088,190.77,190.83,n
2089,190.83,190.89,S
2090,190.89,191.01,k
2091,191.01,191.1,ui
2092,191.1,191.18,k
2093,191.18,191.21,@
2094,191.21,191.3,t
2095,191.3,191.35,j
2096,191.35,191.38,@
2097,191.38,191.47,z
2098,191.47,191.57,Ei
2099,191.57,191.67,n
2100,191.67,192.49,<p:>
2101,192.49,192.6,n
2102,192.6,192.71,y
2103,192.71,192.98,<p:>
2104,192.98,193.01,d
2105,193.01,193.1,a:
2106,193.1,193.17,z
2107,193.17,193.2,Y
2108,193.2,193.23,l
2109,193.23,193.26,w
2110,193.26,193.4,@
2111,193.4,193.48,w
2112,193.48,193.51,E
2113,193.51,193.54,l
2114,193.54,193.69,x
2115,193.69,193.86,Au
2116,193.86,193.95,A
2117,193.95,194.04,x
2118,194.04,194.09,t
2119,194.09,194.12,@
2120,194.12,194.21,k
2121,194.21,194.34,o:
2122,194.34,194.4,m
2123,194.4,194.48,@
2124,194.48,194.95,<p:>
2125,194.95,195.02,I
2126,195.02,195.07,N
2127,195.07,195.11,@
2128,195.11,195.14,d
2129,195.14,195.18,w
2130,195.18,195.33,a:
2131,195.33,195.39,t
2132,195.39,195.42,@
2133,195.42,195.49,m
2134,195.49,195.56,u
2135,195.56,195.59,d
2136,195.59,195.66,@
2137,195.66,195.71,t
2138,195.71,195.92,<p:>
2139,195.92,196.01,A
2140,196.01,196.06,l
2141,196.06,196.12,z
2142,196.12,196.2,Au
2143,196.2,196.23,@
2144,196.23,196.3,k
2145,196.3,196.33,@
2146,196.33,196.38,t
2147,196.38,196.41,@
2148,196.41,196.49,o:
2149,196.49,196.56,k
2150,196.56,196.7,s
2151,196.7,196.74,E
2152,196.74,196.85,l
2153,196.85,196.92,f
2154,196.92,197.04,I
2155,197.04,197.12,n
2156,197.12,197.17,d
2157,197.17,197.25,y
2158,197.25,197.28,w
2159,197.28,197.33,@
2160,197.33,197.41,n
2161,197.41,198.7,<p:>
2162,198.7,198.76,d
2163,198.76,198.81,E
2164,198.81,198.91,f
2165,198.91,198.95,O
2166,198.95,198.99,l
2167,198.99,199.06,G
2168,199.06,199.09,@
2169,199.09,199.12,d
2170,199.12,199.2,@
2171,199.2,199.26,t
2172,199.26,199.31,A
2173,199.31,199.43,x
2174,199.43,199.46,w
2175,199.46,199.52,A
2176,199.52,199.58,z
2177,199.58,199.63,@
2178,199.63,199.66,d
2179,199.66,199.73,<p:>
2180,199.73,199.8,m
2181,199.8,199.95,o:
2182,199.95,200.04,j
2183,200.04,200.28,<p:>
2184,200.28,200.31,h
2185,200.31,200.41,e:
2186,200.41,200.44,r
2187,200.44,200.47,l
2188,200.47,200.5,@
2189,200.5,200.58,k
2190,200.58,200.63,w
2191,200.63,200.79,e:
2192,200.79,200.87,r
2193,200.87,201.41,<p:>
2194,201.41,201.45,d
2195,201.45,201.53,@
2196,201.53,201.59,z
2197,201.59,201.67,O
2198,201.67,201.74,n
2199,201.74,201.8,s
2200,201.8,201.91,x
2201,201.91,202.0,e:
2202,202.0,202.04,n
2203,202.04,202.08,O
2204,202.08,202.14,p
2205,202.14,202.26,A
2206,202.26,202.34,l
2207,202.34,202.46,x
2208,202.46,202.49,r
2209,202.49,202.57,u
2210,202.57,202.62,n
2211,202.62,202.66,@
2212,202.66,202.74,b
2213,202.74,202.78,l
2214,202.78,202.92,a:
2215,202.92,202.95,d
2216,202.95,202.98,@
2217,202.98,203.02,r
2218,203.02,203.06,@
2219,203.06,203.16,n
2220,203.16,203.91,<p:>
2221,203.91,203.95,d
2222,203.95,203.98,@
2223,203.98,204.07,m
2224,204.07,204.15,u
2225,204.15,204.18,d
2226,204.18,204.21,@
2227,204.21,204.25,r
2228,204.25,204.29,d
2229,204.29,204.34,E
2230,204.34,204.42,r
2231,204.42,204.5,e:
2232,204.5,204.56,n
2233,204.56,204.61,t
2234,204.61,204.66,j
2235,204.66,204.72,@
2236,204.72,204.79,s
2237,204.79,205.03,<p:>
2238,205.03,205.11,x
2239,205.11,205.15,I
2240,205.15,205.19,N
2241,205.19,205.23,m
2242,205.23,205.27,E
2243,205.27,205.32,t
2244,205.32,205.41,a:
2245,205.41,205.56,h
2246,205.56,205.64,e:
2247,205.64,205.68,l
2248,205.68,205.71,@
2249,205.71,205.84,f
2250,205.84,205.87,A
2251,205.87,205.97,m
2252,205.97,206.02,i
2253,206.02,206.05,l
2254,206.05,206.12,i
2255,206.12,206.18,n
2256,206.18,206.24,a:
2257,206.24,206.28,d
2258,206.28,206.31,@
2259,206.31,206.45,x
2260,206.45,206.48,r
2261,206.48,206.51,A
2262,206.51,206.62,x
2263,206.62,206.69,t
2264,206.69,206.78,u
2265,206.78,207.48,<p:>
2266,207.48,207.53,p
2267,207.53,207.59,l
2268,207.59,207.65,O
2269,207.65,207.89,f
2270,207.89,208.2,<p:>
2271,208.2,208.24,d
2272,208.24,208.29,a:
2273,208.29,208.33,r
2274,208.33,208.38,s
2275,208.38,208.46,p
2276,208.46,208.49,r
2277,208.49,208.52,O
2278,208.52,208.6,N
2279,208.6,208.68,z
2280,208.68,208.72,Ei
2281,208.72,208.77,I
2282,208.77,208.8,n
2283,208.8,208.84,t
2284,208.84,208.89,w
2285,208.89,209.05,a:
2286,209.05,209.12,t
2287,209.12,209.18,@
2288,209.18,210.07,<p:>
2289,210.07,210.11,k
2290,210.11,210.16,w
2291,210.16,210.25,A
2292,210.25,210.31,k
2293,210.31,210.58,<p:>
2294,210.58,210.61,k
2295,210.61,210.64,w
2296,210.64,210.77,A
2297,210.77,210.81,k
2298,210.81,211.29,<p:>
2299,211.29,211.35,s
2300,211.35,211.45,Ei
2301,211.45,211.48,d
2302,211.48,211.51,@
2303,211.51,211.6,z
2304,211.6,211.64,Ei
2305,211.64,212.11,<p:>
2306,212.11,212.26,E
2307,212.26,212.33,t
2308,212.33,212.39,<p:>
2309,212.39,212.56,e:
2310,212.56,212.6,n
2311,212.6,212.63,@
2312,212.63,212.81,e:
2313,212.81,212.9,n
2314,212.9,212.94,t
2315,212.94,212.99,j
2316,212.99,213.02,@
2317,213.02,213.06,n
2318,213.06,213.12,a:
2319,213.12,213.16,@
2320,213.16,213.23,t
2321,213.23,213.34,A
2322,213.34,213.39,n
2323,213.39,213.43,d
2324,213.43,213.46,@
2325,213.46,213.51,r
2326,213.51,213.57,@
2327,213.57,213.8,<p:>
2328,213.8,213.83,p
2329,213.83,213.86,l
2330,213.86,213.92,O
2331,213.92,214.0,f
2332,214.0,214.07,t
2333,214.07,214.12,E
2334,214.12,214.21,r
2335,214.21,214.26,n
2336,214.26,214.32,y
2337,214.32,214.48,o:
2338,214.48,214.56,g
2339,214.56,214.63,I
2340,214.63,214.74,n
2341,214.74,215.19,<p:>
2342,215.19,215.23,h
2343,215.23,215.3,E
2344,215.3,215.35,t
2345,215.35,215.42,w
2346,215.42,215.57,a:
2347,215.57,215.63,t
2348,215.63,215.69,@
2349,215.69,215.84,s
2350,215.84,215.97,p
2351,215.97,216.04,A
2352,216.04,216.12,t
2353,216.12,216.16,@
2354,216.16,216.23,Y
2355,216.23,216.27,n
2356,216.27,216.34,O
2357,216.34,216.38,m
2358,216.38,216.43,d
2359,216.43,216.46,E
2360,216.46,216.56,k
2361,216.56,216.62,O
2362,216.62,216.72,p
2363,216.72,216.99,<p:>
2364,216.99,217.1,E
2365,217.1,217.16,z
2366,217.16,217.22,Ei
2367,217.22,217.28,d
2368,217.28,217.37,o:
2369,217.37,217.44,k
2370,217.44,217.59,e:
2371,217.59,217.66,v
2372,217.66,217.69,@
2373,217.69,217.81,O
2374,217.81,217.86,n
2375,217.86,217.89,d
2376,217.89,217.95,@
2377,217.95,218.35,<p:>
2378,218.35,218.4,m
2379,218.4,218.44,a:
2380,218.44,218.53,k
2381,218.53,218.56,w
2382,218.56,218.66,a:
2383,218.66,218.71,m
2384,218.71,218.74,@
2385,218.74,218.78,A
2386,218.78,218.82,l
2387,218.82,218.91,s
2388,218.91,218.98,p
2389,218.98,219.06,u
2390,219.06,219.09,d
2391,219.09,219.12,@
2392,219.12,219.2,G
2393,219.2,219.23,w
2394,219.23,219.27,e:
2395,219.27,219.31,r
2396,219.31,219.37,b
2397,219.37,219.53,o:
2398,219.53,219.59,v
2399,219.59,219.62,@
2400,219.62,219.67,n
2401,219.67,219.89,<p:>
2402,219.89,220.02,E
2403,220.02,220.07,z
2404,220.07,220.1,w
2405,220.1,220.22,O
2406,220.22,220.29,m
2407,220.29,220.32,@
2408,220.32,220.47,9y
2409,220.47,220.5,t
2410,220.5,220.65,m
2411,220.65,220.69,u
2412,220.69,220.77,n
2413,220.77,220.84,t
2414,220.84,220.89,@
2415,220.89,220.94,n
2416,220.94,221.0,t
2417,221.0,221.46,<p:>
2418,221.46,221.49,h
2419,221.49,221.53,Y
2420,221.53,221.6,n
2421,221.6,221.68,p
2422,221.68,221.85,u
2423,221.85,221.88,t
2424,221.88,221.91,@
2425,221.91,222.04,x
2426,222.04,222.07,I
2427,222.07,222.11,N
2428,222.11,222.16,@
2429,222.16,222.23,v
2430,222.23,222.3,A
2431,222.3,222.37,z
2432,222.37,222.42,E
2433,222.42,222.51,l
2434,222.51,222.59,f
2435,222.59,222.84,<p:>
2436,222.84,222.94,E
2437,222.94,222.99,N
2438,222.99,223.22,A
2439,223.22,223.28,l
2440,223.28,223.48,<p:>
2441,223.48,223.52,w
2442,223.52,223.68,a:
2443,223.68,223.72,r
2444,223.72,223.76,z
2445,223.76,223.8,Ei
2446,223.8,223.83,I
2447,223.83,223.89,n
2448,223.89,223.93,t
2449,223.93,223.98,w
2450,223.98,224.14,a:
2451,224.14,224.22,t
2452,224.22,224.27,@
2453,224.27,224.87,<p:>
2454,224.87,224.96,s
2455,224.96,225.0,E
2456,225.0,225.1,l
2457,225.1,225.15,f
2458,225.15,225.24,s
2459,225.24,225.29,<p:>
2460,225.29,225.32,h
2461,225.32,225.36,@
2462,225.36,225.43,d
2463,225.43,225.55,l
2464,225.55,225.67,e:
2465,225.67,225.73,l
2466,225.73,225.79,@
2467,225.79,225.85,k
2468,225.85,225.9,@
2469,225.9,226.12,x
2470,226.12,226.16,r
2471,226.16,226.42,Au
2472,226.42,226.46,w
2473,226.46,226.56,e:
2474,226.56,226.65,n
2475,226.65,226.73,t
2476,226.73,226.77,j
2477,226.77,226.8,@
2478,226.8,226.89,s
2479,226.89,226.92,w
2480,226.92,227.02,O
2481,227.02,227.07,m
2482,227.07,227.14,m
2483,227.14,227.29,e:
2484,227.29,228.24,<p:>
2485,228.24,228.38,n
2486,228.38,228.7,e:
2487,228.7,228.73,n
2488,228.73,228.92,<p:>
2489,228.92,229.01,E
2490,229.01,229.05,t
2491,229.05,229.11,@
2492,229.11,229.18,s
2493,229.18,229.28,x
2494,229.28,229.32,e:
2495,229.32,229.39,N
2496,229.39,229.44,k
2497,229.44,229.5,A
2498,229.5,229.58,l
2499,229.58,229.65,k
2500,229.65,229.76,u
2501,229.76,229.89,n
2502,229.89,230.12,<p:>
2503,230.12,230.17,d
2504,230.17,230.22,A
2505,230.22,230.31,x
2506,230.31,230.36,t
2507,230.36,230.39,@
2508,230.39,230.55,Au
2509,230.55,230.59,d
2510,230.59,230.73,e:
2511,230.73,230.79,n
2512,230.79,230.83,t
2513,230.83,231.37,<p:>
2514,231.37,231.42,k
2515,231.42,231.53,Ei
2516,231.53,231.61,k
2517,231.61,231.67,e:
2518,231.67,231.72,n
2519,231.72,231.78,s
2520,231.78,231.96,<p:>
2521,231.96,232.0,h
2522,232.0,232.04,u
2523,232.04,232.17,f
2524,232.17,232.27,E
2525,232.27,232.3,r
2526,232.3,232.34,m
2527,232.34,232.41,Ei
2528,232.41,232.47,m
2529,232.47,232.51,E
2530,232.51,232.56,t
2531,232.56,232.6,z
2532,232.6,232.65,@
2533,232.65,232.7,n
2534,232.7,232.77,p
2535,232.77,232.91,u
2536,232.91,233.0,t
2537,233.0,233.04,@
2538,233.04,233.13,s
2539,233.13,233.18,l
2540,233.18,233.29,a:
2541,233.29,233.36,t
2542,233.36,233.55,<p:>
2543,233.55,233.64,E
2544,233.64,233.67,h
2545,233.67,233.81,u
2546,233.81,233.84,r
2547,233.84,233.9,E
2548,233.9,233.99499,x
2549,233.99499,234.03998,h
2550,234.03998,234.1,Ei
2551,234.1,234.17,z
2552,234.17,234.2,I
2553,234.2,234.27,G
2554,234.27,234.31,w
2555,234.31,234.39,e:
2556,234.39,234.44,d
2557,234.44,234.47,t
2558,234.47,234.5,@
2559,234.5,234.59,h
2560,234.59,234.72,Au
2561,234.72,234.75,d
2562,234.75,234.79,@
2563,234.79,234.84,n
2564,234.84,235.38,<p:>
2565,235.38,235.43,t
2566,235.43,235.47,@
2567,235.47,235.52499,s
2568,235.52499,235.57998,m
2569,235.57998,235.64,Ei
2570,235.64,235.83,Ei
2571,235.83,235.92,G
2572,235.92,235.97,@
2573,235.97,236.05,k
2574,236.05,236.14,I
2575,236.14,236.21,n
2576,236.21,236.25,t
2577,236.25,236.97,<p:>
2578,236.97,237.11,Ei
2579,237.11,237.23,G
2580,237.23,237.26,@
2581,237.26,237.29,l
2582,237.29,237.32,@
2583,237.32,237.39,k
2584,237.39,237.57,<p:>
2585,237.57,237.65,I
2586,237.65,237.72,z
2587,237.72,237.77,Ei
2588,237.77,237.84,t
2589,237.84,237.89,O
2590,237.89,237.94,x
2591,237.94,237.97,n
2592,237.97,238.07,O
2593,238.07,238.11,x
2594,238.11,238.19,s
2595,238.19,238.26,o:
2596,238.26,238.35,l
2597,238.35,238.47,e:
2598,238.47,238.51,l
2599,238.51,238.54,@
2600,238.54,238.66,g
2601,238.66,238.69,n
2602,238.69,238.73,i
2603,238.73,238.8,t
2604,238.8,239.11,<p:>
2605,239.11,239.2,A
2606,239.2,239.27,s
2607,239.27,239.35,m
2608,239.35,239.38,E
2609,239.38,239.43,n
2610,239.43,239.46,E
2611,239.46,239.49,m
2612,239.49,239.57,m
2613,239.57,239.61,a:
2614,239.61,239.67,r
2615,239.67,239.7,@
2616,239.7,239.73,n
2617,239.73,239.78,s
2618,239.78,239.86,x
2619,239.86,239.92,u
2620,239.92,239.95,t
2621,239.95,240.01,p
2622,240.01,240.04,@
2623,240.04,240.12,k
2624,240.12,240.24,Ei
2625,240.24,240.3,k
2626,240.3,240.38,t
2627,240.38,241.0,<p:>
2628,241.0,241.04,k
2629,241.04,241.11,w
2630,241.11,241.42,A
2631,241.42,241.46,k
2632,241.46,241.61,<p:>
2633,241.61,241.66,k
2634,241.66,241.72,w
2635,241.72,242.01,A
2636,242.01,242.14,k
2637,242.14,243.1,<p:>
2638,243.1,243.22,x
2639,243.22,243.3,a:
2640,243.3,243.35,d
2641,243.35,243.38,m
2642,243.38,243.42,a:
2643,243.42,243.45,r
2644,243.45,243.51,m
2645,243.51,243.58,E
2646,243.58,243.62,d
2647,243.62,243.66,m
2648,243.66,243.7,Ei
2649,243.7,243.8,m
2650,243.8,243.96,e:
2651,243.96,244.34,<p:>
2652,244.34,244.39,d
2653,244.39,244.47,A
2654,244.47,244.52,z
2655,244.52,244.56,A
2656,244.56,244.59,l
2657,244.59,244.62,@
2658,244.62,244.72,k
2659,244.72,244.76,j
2660,244.76,244.8,I
2661,244.8,244.83,n
2662,244.83,244.86,d
2663,244.86,244.89,@
2664,244.89,244.98,x
2665,244.98,245.01,r
2666,245.01,245.12,o:
2667,245.12,245.19,t
2668,245.19,245.24,@
2669,245.24,245.29,w
2670,245.29,245.38,e:
2671,245.38,245.41,r
2672,245.41,245.44,@
2673,245.44,245.5,l
2674,245.5,245.53,t
2675,245.53,245.57,b
2676,245.57,245.62,r
2677,245.62,245.65,E
2678,245.65,245.73,N
2679,245.73,245.78,@
2680,245.78,245.99,<p:>
2681,245.99,246.07,E
2682,246.07,246.19,j
2683,246.19,246.23,I
2684,246.23,246.28,n
2685,246.28,246.33,d
2686,246.33,246.39,@
2687,246.39,246.45,<p:>
2688,246.45,246.55,e:
2689,246.55,246.64,n
2690,246.64,246.69,@
2691,246.69,246.8,k
2692,246.8,246.9,o:
2693,246.9,246.93,j
2694,246.93,247.05,f
2695,247.05,247.14,o:
2696,247.14,247.17,r
2697,247.17,247.26,s
2698,247.26,247.31,t
2699,247.31,247.38,E
2700,247.38,247.41,l
2701,247.41,247.46,@
2702,247.46,247.51,n
2703,247.51,247.99,<p:>
2704,247.99,248.02,m
2705,248.02,248.08,a:
2706,248.08,248.12,r
2707,248.12,248.19,z
2708,248.19,248.27,O
2709,248.27,248.31,r
2710,248.31,248.35,x
2711,248.35,248.6,<p:>
2712,248.6,248.63,d
2713,248.63,248.66,A
2714,248.66,248.73,t
2715,248.73,248.77,j
2716,248.77,248.8,@
2717,248.8,248.91,d
2718,248.91,248.96,I
2719,248.96,249.03,x
2720,249.03,249.1,t
2721,249.1,249.13,I
2722,249.13,249.16,m
2723,249.16,249.19,m
2724,249.19,249.24,Ei
2725,249.24,249.3,n
2726,249.3,249.36,a:
2727,249.36,249.4,b
2728,249.4,249.48,Ei
2729,249.48,249.51,h
2730,249.51,249.62,Ei
2731,249.62,249.65,d
2732,249.65,249.68,b
2733,249.68,249.74,l
2734,249.74,249.84,Ei
2735,249.84,249.88,f
2736,249.88,250.33,<p:>
2737,250.33,250.39,E
2738,250.39,250.45,n
2739,250.45,250.54,e:
2740,250.54,250.58,m
2741,250.58,250.64,t
2742,250.64,250.67,j
2743,250.67,250.74,f
2744,250.74,250.77,O
2745,250.77,250.81,d
2746,250.81,250.85,@
2747,250.85,250.92,<p:>
2748,250.92,250.97,k
2749,250.97,251.04,A
2750,251.04,251.13,t
2751,251.13,251.21,I
2752,251.21,251.25,n
2753,251.25,251.36,A
2754,251.36,251.47,x
2755,251.47,252.83,<p:>
2756,252.83,252.99,E
2757,252.99,253.09,z
2758,253.09,253.27,o:
2759,253.27,253.35,p
2760,253.35,253.38,@
2761,253.38,253.52,G
2762,253.52,253.64,a:
2763,253.64,253.68,v
2764,253.68,253.75499,@
2765,253.75499,253.84998,z
2766,253.84998,253.89,Ei
2767,253.89,253.94,z
2768,253.94,253.97,I
2769,253.97,254.05,G
2770,254.05,254.11,n
2771,254.11,254.16,a:
2772,254.16,254.2,d
2773,254.2,254.23,@
2774,254.23,254.39,e:
2775,254.39,254.45,n
2776,254.45,254.48,d
2777,254.48,254.52,@
2778,254.52,254.62,k
2779,254.62,254.76,o:
2780,254.76,254.84,j
2781,254.84,255.39,<p:>
2782,255.39,255.44,t
2783,255.44,255.49,a:
2784,255.49,255.52,r
2785,255.52,255.59,b
2786,255.59,255.68,I
2787,255.68,255.74,n
2788,255.74,255.77,@
2789,255.77,255.83,n
2790,255.83,256.02,<p:>
2791,256.02,256.05,w
2792,256.05,256.12,A
2793,256.12,256.15,z
2794,256.15,256.2,@
2795,256.2,256.28,v
2796,256.28,256.32,@
2797,256.32,256.41,s
2798,256.41,256.46,x
2799,256.46,256.5,r
2800,256.5,256.55,I
2801,256.55,256.6,k
2802,256.6,256.65,l
2803,256.65,256.68,@
2804,256.68,256.76,k
2805,256.76,256.82,r
2806,256.82,256.87,y
2807,256.87,256.98,m
2808,256.98,257.19,u
2809,257.19,257.22,r
2810,257.22,257.58,<p:>
2811,257.58,257.62,w
2812,257.62,257.66,A
2813,257.66,257.69,n
2814,257.69,257.73,t
2815,257.73,257.8,a:
2816,257.8,257.83,r
2817,257.83,257.86,w
2818,257.86,257.94,a:
2819,257.94,257.98,r
2820,257.98,258.04,@
2821,258.04,258.13,t
2822,258.13,258.17,w
2823,258.17,258.28,e:
2824,258.28,258.39,f
2825,258.39,258.42,@
2826,258.42,258.5,m
2827,258.5,258.56,i
2828,258.56,258.59,l
2829,258.59,258.67,i
2830,258.67,258.73,s
2831,258.73,258.97,<p:>
2832,258.97,259.0,d
2833,259.0,259.07,i
2834,259.07,259.1,@
2835,259.1,259.15,l
2836,259.15,259.25,k
2837,259.25,259.4,a:
2838,259.4,259.47,r
2839,259.47,259.6,<p:>
2840,259.6,259.66,E
2841,259.66,259.7,d
2842,259.7,259.77,b
2843,259.77,259.82,@
2844,259.82,259.94,z
2845,259.94,259.99,I
2846,259.99,260.06,t
2847,260.06,260.14,f
2848,260.14,260.17,A
2849,260.17,260.2,m
2850,260.2,260.24,@
2851,260.24,260.3,m
2852,260.3,260.37,<p:>
2853,260.37,260.42,p
2854,260.42,260.56,a:
2855,260.56,260.59,l
2856,260.59,260.62,I
2857,260.62,260.7,N
2858,260.7,260.78,k
2859,260.78,260.84,O
2860,260.84,260.9,p
2861,260.9,261.04,<p:>
2862,261.04,261.09,p
2863,261.09,261.13,@
2864,261.13,261.2,t
2865,261.2,261.24,w
2866,261.24,261.31,I
2867,261.31,261.43,s
2868,261.43,261.47,t
2869,261.47,261.52,@
2870,261.52,261.59,n
2871,261.59,262.0,<p:>
2872,262.0,262.14,E
2873,262.14,262.18,n
2874,262.18,262.35,Ei
2875,262.35,262.4,n
2876,262.4,262.44,d
2877,262.44,262.47,@
2878,262.47,262.51,l
2879,262.51,262.58,@
2880,262.58,262.62,k
2881,262.62,262.73,<p:>
2882,262.73,262.77,k
2883,262.77,262.8,r
2884,262.8,262.86,e:
2885,262.86,262.93,x
2886,262.93,262.98,t
2887,262.98,263.03,@
2888,263.03,263.09,<p:>
2889,263.09,263.16,k
2890,263.16,263.22,A
2891,263.22,263.26499,d
2892,263.26499,263.30998,d
2893,263.30998,263.4,i
2894,263.4,263.43,n
2895,263.43,263.49,t
2896,263.49,263.56,O
2897,263.56,263.75,x
2898,263.75,265.1,<p:>
2899,265.1,265.15,k
2900,265.15,265.26,Ei
2901,265.26,265.35,k
2902,265.35,265.69,<p:>
2903,265.69,265.75,s
2904,265.75,265.86,o:
2905,265.86,265.97,x
2906,265.97,266.08,a:
2907,266.08,266.12,t
2908,266.12,266.2,<p:>
2909,266.2,266.23,t
2910,266.23,266.28,n
2911,266.28,266.32,y
2912,266.32,266.35,I
2913,266.35,266.38,n
2914,266.38,266.41,d
2915,266.41,266.47,@
2916,266.47,266.52,w
2917,266.52,266.65,e:
2918,266.65,266.68,r
2919,266.68,266.71,@
2920,266.71,266.75,l
2921,266.75,266.83,t
2922,266.83,267.22,<p:>
2923,267.22,267.28,s
2924,267.28,267.36,Ei
2925,267.36,267.39,d
2926,267.39,267.42,@
2927,267.42,267.51,m
2928,267.51,267.57,u
2929,267.57,267.61,d
2930,267.61,267.65,@
2931,267.65,267.69,d
2932,267.69,267.76,E
2933,267.76,267.83,r
2934,267.83,267.91,e:
2935,267.91,267.95,n
2936,267.95,268.01,t
2937,268.01,268.06,j
2938,268.06,268.09,@
2939,268.09,268.2,s
2940,268.2,268.66,<p:>
2941,268.66,268.78,E
2942,268.78,268.84,z
2943,268.84,268.89,Ei
2944,268.89,268.99,s
2945,268.99,269.03,t
2946,269.03,269.1,A
2947,269.1,269.17,k
2948,269.17,269.23,h
2949,269.23,269.27,a:
2950,269.27,269.31,r
2951,269.31,269.41,s
2952,269.41,269.47,n
2953,269.47,269.59,a:
2954,269.59,269.68,f
2955,269.68,269.71,@
2956,269.71,269.77,l
2957,269.77,269.93,A
2958,269.93,269.96,l
2959,269.96,270.13,9y
2960,270.13,270.21,t
2961,270.21,270.7,<p:>
2962,270.7,270.74,w
2963,270.74,270.78,A
2964,270.78,270.81,n
2965,270.81,270.86,t
2966,270.86,270.91,s
2967,270.91,271.09,Ei
2968,271.09,271.13,w
2969,271.13,271.18,I
2970,271.18,271.22,l
2971,271.22,271.26,d
2972,271.26,271.31,@
2973,271.31,271.34,d
2974,271.34,271.38,E
2975,271.38,271.43,<p:>
2976,271.43,271.49,p
2977,271.49,271.61,a:
2978,271.61,271.65,l
2979,271.65,271.68,I
2980,271.68,271.74,N
2981,271.74,271.79,k
2982,271.79,271.84,O
2983,271.84,271.94,p
2984,271.94,272.05,o:
2985,272.05,272.11,k
2986,272.11,272.17,w
2987,272.17,272.2,E
2988,272.2,272.26,l
2989,272.26,272.3,h
2990,272.3,272.35,E
2991,272.35,272.41,b
2992,272.41,272.52,@
2993,272.52,273.74,<p:>
2994,273.74,273.8,x
2995,273.8,273.87,@
2996,273.87,273.91,b
2997,273.91,273.94,r
2998,273.94,274.06,9y
2999,274.06,274.12,k
3000,274.12,274.16,j
3001,274.16,274.19,@
3002,274.19,274.29,p
3003,274.29,274.43,u
3004,274.43,274.48,t
3005,274.48,274.53,@
3006,274.53,274.59,n
3007,274.59,274.69,y
3008,274.69,274.99,<p:>
3009,274.99,275.04,f
3010,275.04,275.07,@
3011,275.07,275.1,r
3012,275.1,275.16,v
3013,275.16,275.19,O
3014,275.19,275.22,l
3015,275.22,275.28,G
3016,275.28,275.31,d
3017,275.31,275.39,<p:>
3018,275.39,275.45,s
3019,275.45,275.56,Ei
3020,275.56,276.17,<p:>
3021,276.17,276.22,h
3022,276.22,276.34,Au
3023,276.34,276.37,t
3024,276.37,276.43,j
3025,276.43,276.51,f
3026,276.51,276.56,A
3027,276.56,276.64,t
3028,276.64,276.68,s
3029,276.68,276.77,u
3030,276.77,276.84,n
3031,276.84,277.04,<p:>
3032,277.04,277.14,E
3033,277.14,277.24,m
3034,277.24,277.31,a:
3035,277.31,277.38,k
3036,277.38,277.41,t
3037,277.41,277.44,@
3038,277.44,277.56,b
3039,277.56,277.69,ui
3040,277.69,277.79,G
3041,277.79,277.82,I
3042,277.82,277.87,N
3043,277.87,277.98,f
3044,277.98,278.01,O
3045,278.01,278.05,d
3046,278.05,278.08,@
3047,278.08,278.29,Au
3048,278.29,278.34,d
3049,278.34,278.38,@
3050,278.38,278.51,e:
3051,278.51,278.54,n
3052,278.54,278.59,t
3053,278.59,278.77,<p:>
3054,278.77,278.8,d
3055,278.8,278.87,i
3056,278.87,278.9,j
3057,278.9,278.93,@
3058,278.93,278.99,d
3059,278.99,279.11,a:
3060,279.11,279.15,r
3061,279.15,279.21,z
3062,279.21,279.32,i
3063,279.32,279.39,t
3064,279.39,279.89,<p:>
3065,279.89,279.94,d
3066,279.94,279.99,A
3067,279.99,280.02,t
3068,280.02,280.05,@
3069,280.05,280.12,s
3070,280.12,280.15,d
3071,280.15,280.19,@
3072,280.19,280.29,f
3073,280.29,280.32,O
3074,280.32,280.35,r
3075,280.35,280.41,n
3076,280.41,280.51,a:
3077,280.51,280.55,m
3078,280.55,280.62,s
3079,280.62,280.66,t
3080,280.66,280.69,@
3081,280.69,280.75,v
3082,280.75,280.82,A
3083,280.82,280.86,m
3084,280.86,280.97,A
3085,280.97,281.0,l
3086,281.0,281.07,@
3087,281.07,281.63,<p:>
3088,281.63,281.66,s
3089,281.66,281.75,Ei
3090,281.75,281.78,@
3091,281.78,281.82,s
3092,281.82,281.9,f
3093,281.9,281.96,A
3094,281.96,282.06,s
3095,282.06,282.14,p
3096,282.14,282.26,a:
3097,282.26,282.29,n
3098,282.29,282.34,s
3099,282.34,282.37,x
3100,282.37,282.41,@
3101,282.41,282.54,A
3102,282.54,282.6,f
3103,282.6,282.7,k
3104,282.7,282.74,O
3105,282.74,282.8,m
3106,282.8,282.87,s
3107,282.87,283.23,<p:>
3108,283.23,283.28,t
3109,283.28,283.42,a:
3110,283.42,283.45,r
3111,283.45,283.48,O
3112,283.48,283.54,m
3113,283.54,283.57,@
3114,283.57,283.63,s
3115,283.63,283.7,s
3116,283.7,283.74,Ei
3117,283.74,283.81,z
3118,283.81,283.87,o:
3119,283.87,283.94,d
3120,283.94,284.01,I
3121,284.01,284.09,k
3122,284.09,284.72,<p:>
3123,284.72,284.85,E
3124,284.85,284.94,n
3125,284.94,285.2,<p:>
3126,285.2,285.23,s
3127,285.23,285.36,i
3128,285.36,285.42,j
3129,285.42,285.46,w
3130,285.46,285.51,E
3131,285.51,285.64,l
3132,285.64,285.75,<p:>
3133,285.75,285.78,s
3134,285.78,285.82,Ei
3135,285.82,285.95,<p:>
3136,285.95,285.99,h
3137,285.99,286.07,e:
3138,286.07,286.1,f
3139,286.1,286.16,t
3140,286.16,286.21,@
3141,286.21,286.3,n
3142,286.3,286.33,r
3143,286.33,286.5,o:
3144,286.5,286.58,t
3145,286.58,286.66,l
3146,286.66,286.71,A
3147,286.71,286.82,p
3148,286.82,286.87,j
3149,286.87,286.93,O
3150,286.93,286.99,m
3151,286.99,287.06,a:
3152,287.06,287.1,r
3153,287.1,287.17,p
3154,287.17,287.34,o:
3155,287.34,287.43,t
3156,287.43,287.91,<p:>
3157,287.91,287.94,d
3158,287.94,288.0,A
3159,288.0,288.08,t
3160,288.08,288.11,@
3161,288.11,288.15,s
3162,288.15,288.23,i
3163,288.23,288.29,t
3164,288.29,288.32,s
3165,288.32,288.45,<p:>
3166,288.45,288.49,h
3167,288.49,288.57,e:
3168,288.57,288.64,l
3169,288.64,288.75,m
3170,288.75,288.88,o:
3171,288.88,288.91,j
3172,288.91,289.02,s
3173,289.02,289.39,<p:>
3174,289.39,289.45,E
3175,289.45,289.5,<p:>
3176,289.5,289.55,d
3177,289.55,289.67,x
3178,289.67,289.7,r
3179,289.7,289.86,o:
3180,289.86,289.89,t
3181,289.89,289.94,s
3182,289.94,289.99,t
3183,289.99,290.09,O
3184,290.09,290.13,n
3185,290.13,290.18,@
3186,290.18,290.27,s
3187,290.27,290.37,x
3188,290.37,290.52,Ei
3189,290.52,290.55,d
3190,290.55,290.58,I
3191,290.58,290.66,N
3192,290.66,290.82,<p:>
3193,290.82,290.86,d
3194,290.86,290.94,i
3195,290.94,290.98,e:
3196,290.98,291.04,n
3197,291.04,291.16,e:
3198,291.16,291.24,n
3199,291.24,291.31,t
3200,291.31,291.35,@
3201,291.35,291.44,b
3202,291.44,291.53,2:
3203,291.53,291.58,r
3204,291.58,291.67,k
3205,291.67,291.75,A
3206,291.75,291.81,v
3207,291.81,291.9,A
3208,291.9,291.93,l
3209,291.93,291.96,@
3210,291.96,292.04,n
3211,292.04,292.72,<p:>
3212,292.72,292.77,t
3213,292.77,292.85,A
3214,292.85,292.89,d
3215,292.89,292.96,p
3216,292.96,293.04,@
3217,293.04,293.09,t
3218,293.09,293.2,e:
3219,293.2,293.28,k
3220,293.28,293.31,E
3221,293.31,293.36,n
3222,293.36,293.39,t
3223,293.39,293.57,<p:>
3224,293.57,293.6,d
3225,293.6,293.67,A
3226,293.67,293.74,d
3227,293.74,293.77,m
3228,293.77,293.8,E
3229,293.8,293.85,n
3230,293.85,293.93,a:
3231,293.93,293.96,r
3232,293.96,294.03,n
3233,294.03,294.11,i
3234,294.11,294.16,t
3235,294.16,294.23,<p:>
3236,294.23,294.27,k
3237,294.27,294.3,w
3238,294.3,294.44,Ei
3239,294.44,294.47,t
3240,294.47,294.5,w
3241,294.5,294.53,I
3242,294.53,294.6,l
3243,294.6,294.67,r
3244,294.67,294.78,a:
3245,294.78,294.87,k
3246,294.87,294.9,@
3247,294.9,294.98,n
3248,294.98,295.31,<p:>
3249,295.31,295.38,E
3250,295.38,295.41,d
3251,295.41,295.47,A
3252,295.47,295.52,t
3253,295.52,295.55,z
3254,295.55,295.64,Ei
3255,295.64,295.67,d
3256,295.67,295.78,o:
3257,295.78,295.85,t
3258,295.85,296.02,i
3259,296.02,296.05,r
3260,296.05,296.1,@
3261,296.1,296.16,n
3262,296.16,296.26,E
3263,296.26,296.38,m
3264,296.38,296.43,E
3265,296.43,296.48,n
3266,296.48,296.54,s
3267,296.54,296.59,x
3268,296.59,296.63,@
3269,296.63,296.67,n
3270,296.67,296.75,<p:>
3271,296.75,296.83,E
3272,296.83,296.86,r
3273,296.86,296.96,k
3274,296.96,297.03,E
3275,297.03,297.12,n
3276,297.12,297.16,m
3277,297.16,297.23,u
3278,297.23,297.28,t
3279,297.28,297.33,w
3280,297.33,297.4,O
3281,297.4,297.43,r
3282,297.43,297.46,d
3283,297.46,297.52,@
3284,297.52,298.0,<p:>
