phonemes,phoneme_onset,phoneme_offset,words,word_onset,word_offset
9~,0.19,0.29,un,0.19,0.38
n,0.29,0.38,un,0.19,0.38
a~,0.38,0.53,ange,0.38,0.62
Z,0.53,0.62,ange,0.38,0.62
d,0.62,0.69,de,0.62,0.77
@,0.69,0.77,de,0.62,0.77
d,0.77,0.85,Dieu,0.77,1.08
j,0.85,0.97,Dieu,0.77,1.08
2,0.97,1.08,Dieu,0.77,1.08
d,1.08,1.15,descend,1.08,1.48
E,1.15,1.22,descend,1.08,1.48
s,1.22,1.36,descend,1.08,1.48
a~,1.36,1.48,descend,1.08,1.48
s,1.48,1.59,sur,1.48,1.7
y,1.59,1.63,sur,1.48,1.7
R,1.63,1.7,sur,1.48,1.7
l,1.7,1.75,la,1.7,1.82
a,1.75,1.82,la,1.7,1.82
t,1.82,1.97,terre,1.82,2.24
E,1.97,2.21,terre,1.82,2.24
R,2.21,2.24,terre,1.82,2.24
p,2.61,2.73,prend,2.61,2.95
R,2.73,2.82,prend,2.61,2.95
a~,2.82,2.95,prend,2.61,2.95
l,2.95,2.98,l’,2.95,2.98
a~,2.98,3.1,enfant,2.98,3.33
f,3.1,3.25,enfant,2.98,3.33
a~,3.25,3.33,enfant,2.98,3.33
m,3.33,3.45,mort,3.33,3.68
O,3.45,3.68,mort,3.33,3.68
d,3.68,3.72,dans,3.68,3.82
a~,3.72,3.82,dans,3.68,3.82
s,3.82,3.95,ses,3.82,4.01
e,3.95,4.01,ses,3.82,4.01
b,4.01,4.07,bras,4.01,4.34
R,4.07,4.18,bras,4.01,4.34
a,4.18,4.34,bras,4.01,4.34
u,4.77,4.99,ouvre,4.77,5.18
v,4.99,5.04,ouvre,4.77,5.18
R,5.04,5.18,ouvre,4.77,5.18
s,5.18,5.31,ses,5.18,5.36
e,5.31,5.36,ses,5.18,5.36
l,5.36,5.41,larges,5.36,5.69
a,5.41,5.52,larges,5.36,5.69
R,5.52,5.56,larges,5.36,5.69
Z,5.56,5.69,larges,5.36,5.69
E,5.81,6.01,ailes,5.81,6.15
l,6.01,6.15,ailes,5.81,6.15
p,6.53,6.62,parcourt,6.53,7.03
a,6.62,6.72,parcourt,6.53,7.03
R,6.72,6.81,parcourt,6.53,7.03
k,6.81,6.85,parcourt,6.53,7.03
u,6.85,6.99,parcourt,6.53,7.03
R,6.99,7.03,parcourt,6.53,7.03
t,7.03,7.11,tous,7.03,7.18
u,7.11,7.18,tous,7.03,7.18
l,7.18,7.21,les,7.18,7.35
e,7.21,7.35,les,7.18,7.35
l,7.35,7.38,lieux,7.35,7.6
i,7.38,7.5,lieux,7.35,7.6
2,7.5,7.6,lieux,7.35,7.6
k,7.6,7.67,que,7.6,7.71
@,7.67,7.71,que,7.6,7.71
l,7.71,7.77,l’,7.71,7.77
a~,7.77,7.88,enfant,7.77,8.21
f,7.88,8.03,enfant,7.77,8.21
a~,8.03,8.21,enfant,7.77,8.21
a,8.21,8.25,a,8.21,8.25
E,8.25,8.46,aimés,8.25,8.8
m,8.46,8.57,aimés,8.25,8.8
e,8.57,8.8,aimés,8.25,8.8
e,9.19,9.32,et,9.19,9.32
k,9.32,9.41,cueille,9.32,9.58
2,9.41,9.5,cueille,9.32,9.58
j,9.5,9.58,cueille,9.32,9.58
y,9.58,9.63,une,9.58,9.74
n,9.63,9.74,une,9.58,9.74
p,9.74,9.87,poignée,9.74,10.12
w,9.87,9.92,poignée,9.74,10.12
a,9.92,9.95,poignée,9.74,10.12
J,9.95,10.07,poignée,9.74,10.12
e,10.07,10.12,poignée,9.74,10.12
d,10.12,10.16,de,10.12,10.22
@,10.16,10.22,de,10.12,10.22
f,10.22,10.38,fleurs,10.22,10.64
l,10.38,10.43,fleurs,10.22,10.64
9,10.43,10.61,fleurs,10.22,10.64
R,10.61,10.64,fleurs,10.22,10.64
s,11.49,11.63,Ces,11.49,11.69
e,11.63,11.69,Ces,11.49,11.69
f,11.69,11.85,fleurs,11.69,12.33
l,11.85,11.91,fleurs,11.69,12.33
9,11.91,12.13,fleurs,11.69,12.33
R,12.13,12.33,fleurs,11.69,12.33
t,12.56,12.64,tous,12.56,12.71
u,12.64,12.71,tous,12.56,12.71
d,12.71,12.77,deux,12.71,12.86
2,12.77,12.86,deux,12.71,12.86
l,12.86,12.92,les,12.86,13.06
e,12.92,13.06,les,12.86,13.06
p,13.06,13.09,portent,13.06,13.32
O,13.09,13.21,portent,13.06,13.32
R,13.21,13.27,portent,13.06,13.32
t,13.27,13.32,portent,13.06,13.32
o,13.32,13.38,au,13.32,13.38
b,13.38,13.49,bon,13.38,13.67
o~,13.49,13.6,bon,13.38,13.67
n,13.6,13.67,bon,13.38,13.67
d,13.67,13.72,Dieu,13.67,13.95
j,13.72,13.85,Dieu,13.67,13.95
2,13.85,13.95,Dieu,13.67,13.95
p,13.95,13.98,pour,13.95,14.08
u,13.98,14.05,pour,13.95,14.08
R,14.05,14.08,pour,13.95,14.08
k,14.08,14.17,qu’il,14.08,14.27
y,14.17,14.21,qu’il,14.08,14.27
i,14.21,14.24,qu’il,14.08,14.27
j,14.24,14.27,qu’il,14.08,14.27
l,14.27,14.3,les,14.27,14.36
e,14.3,14.36,les,14.27,14.36
f,14.36,14.45,fasse,14.36,14.62
a,14.45,14.55,fasse,14.36,14.62
s,14.55,14.62,fasse,14.36,14.62
R,14.62,14.7,refleurir,14.62,15.19
@,14.7,14.74,refleurir,14.62,15.19
f,14.74,14.84,refleurir,14.62,15.19
l,14.84,14.89,refleurir,14.62,15.19
2,14.89,14.96,refleurir,14.62,15.19
R,14.96,14.99,refleurir,14.62,15.19
i,14.99,15.16,refleurir,14.62,15.19
R,15.16,15.19,refleurir,14.62,15.19
l,15.19,15.24,là-haut,15.19,15.64
a,15.24,15.32,là-haut,15.19,15.64
?,15.32,15.35,là-haut,15.19,15.64
o,15.35,15.64,là-haut,15.19,15.64
p,15.88,15.99,plus,15.88,16.12
l,15.99,16.02,plus,15.88,16.12
y,16.02,16.12,plus,15.88,16.12
b,16.12,16.16,belles,16.12,16.43
E,16.16,16.33,belles,16.12,16.43
l,16.33,16.39,belles,16.12,16.43
@,16.39,16.43,belles,16.12,16.43
k,16.43,16.46,que,16.43,16.51
@,16.46,16.51,que,16.43,16.51
s,16.51,16.63,sur,16.51,16.72
y,16.63,16.67,sur,16.51,16.72
R,16.67,16.72,sur,16.51,16.72
l,16.72,16.78,la,16.72,16.89
a,16.78,16.89,la,16.72,16.89
t,16.89,16.97,terre,16.89,17.4
E,16.97,17.23,terre,16.89,17.4
R,17.23,17.4,terre,16.89,17.4
l,18.21,18.24,Le,18.21,18.24
b,18.5,18.59,bon,18.5,18.72
o~,18.59,18.72,bon,18.5,18.72
d,18.72,18.78,Dieu,18.72,18.94
j,18.78,18.87,Dieu,18.72,18.94
2,18.87,18.94,Dieu,18.72,18.94
p,18.94,18.97,presse,18.94,19.27
R,18.97,19.07,presse,18.94,19.27
E,19.07,19.15,presse,18.94,19.27
s,19.15,19.27,presse,18.94,19.27
l,19.27,19.3,les,19.27,19.38
e,19.3,19.38,les,19.27,19.38
f,19.38,19.49,fleurs,19.38,19.7
l,19.49,19.53,fleurs,19.38,19.7
9,19.53,19.64,fleurs,19.38,19.7
R,19.64,19.7,fleurs,19.38,19.7
s,19.7,19.77,sur,19.7,19.86
y,19.77,19.81,sur,19.7,19.86
R,19.81,19.86,sur,19.7,19.86
s,19.86,19.95,son,19.86,20.11
o~,19.95,20.05,son,19.86,20.11
n,20.05,20.11,son,19.86,20.11
k,20.11,20.16,cœur,20.11,20.52
9,20.16,20.46,cœur,20.11,20.52
R,20.46,20.52,cœur,20.11,20.52
e,20.93,21.01,et,20.93,21.01
s,21.01,21.15,celle,21.01,21.3
E,21.15,21.3,celle,21.01,21.3
k,21.3,21.33,qu’il,21.3,21.48
y,21.33,21.36,qu’il,21.3,21.48
i,21.36,21.45,qu’il,21.3,21.48
j,21.45,21.48,qu’il,21.3,21.48
p,21.48,21.55,préfère,21.48,22.05
R,21.55,21.63,préfère,21.48,22.05
e,21.63,21.68,préfère,21.48,22.05
f,21.68,21.82,préfère,21.48,22.05
E,21.82,22.02,préfère,21.48,22.05
R,22.02,22.05,préfère,21.48,22.05
i,22.55,22.66,il,22.55,22.66
i,22.66,22.78,y,22.66,22.78
d,22.78,22.81,dépose,22.78,23.19
e,22.81,22.95,dépose,22.78,23.19
p,22.95,22.98,dépose,22.78,23.19
o,22.98,23.12,dépose,22.78,23.19
z,23.12,23.19,dépose,22.78,23.19
e~,23.19,23.33,un,23.19,23.33
b,23.33,23.37,baiser,23.33,23.91
E,23.37,23.49,baiser,23.33,23.91
z,23.49,23.63,baiser,23.33,23.91
e,23.63,23.91,baiser,23.33,23.91
s,24.63,24.74,Ce,24.63,24.78
@,24.74,24.78,Ce,24.63,24.78
b,24.78,24.84,baiser,24.78,25.11
E,24.84,24.95,baiser,24.78,25.11
z,24.95,25.02,baiser,24.78,25.11
e,25.02,25.11,baiser,24.78,25.11
l,25.11,25.17,lui,25.11,25.29
H,25.17,25.21,lui,25.11,25.29
i,25.21,25.29,lui,25.11,25.29
d,25.29,25.35,donne,25.29,25.55
O,25.35,25.42,donne,25.29,25.55
n,25.42,25.55,donne,25.29,25.55
y,25.55,25.58,une,25.55,25.71
n,25.58,25.63,une,25.55,25.71
@,25.63,25.71,une,25.55,25.71
v,25.71,25.84,voix,25.71,26.08
w,25.84,25.92,voix,25.71,26.08
a,25.92,26.08,voix,25.71,26.08
e,26.49,26.58,et,26.49,26.58
l,26.58,26.63,la,26.58,26.7
a,26.63,26.7,la,26.58,26.7
f,26.7,26.83,fait,26.7,26.91
E,26.83,26.91,fait,26.7,26.91
s,26.91,27.04,se,26.91,27.08
@,27.04,27.08,se,26.91,27.08
m,27.08,27.18,mêler,27.08,27.44
E,27.18,27.24,mêler,27.08,27.44
l,27.24,27.31,mêler,27.08,27.44
e,27.31,27.44,mêler,27.08,27.44
o,27.44,27.56,aux,27.44,27.56
S,27.63,27.69,chœurs,27.63,27.89
9,27.69,27.84,chœurs,27.63,27.89
R,27.84,27.89,chœurs,27.63,27.89
d,27.89,27.97,des,27.89,28.05
e,27.97,28.05,des,27.89,28.05
b,28.05,28.09,bienheureux,28.05,28.6
j,28.09,28.15,bienheureux,28.05,28.6
e~,28.15,28.28,bienheureux,28.05,28.6
2,28.28,28.34,bienheureux,28.05,28.6
R,28.34,28.49,bienheureux,28.05,28.6
2,28.49,28.6,bienheureux,28.05,28.6
v,29.77,29.85,Voilà,29.77,30.08
w,29.85,29.92,Voilà,29.77,30.08
a,29.92,29.95,Voilà,29.77,30.08
l,29.95,29.99,Voilà,29.77,30.08
a,29.99,30.08,Voilà,29.77,30.08
s,30.08,30.2,ce,30.08,30.23
@,30.2,30.23,ce,30.08,30.23
k,30.23,30.33,que,30.23,30.36
@,30.33,30.36,que,30.23,30.36
R,30.36,30.45,racontait,30.36,30.89
a,30.45,30.51,racontait,30.36,30.89
k,30.51,30.59,racontait,30.36,30.89
o~,30.59,30.7,racontait,30.36,30.89
t,30.7,30.75,racontait,30.36,30.89
E,30.75,30.89,racontait,30.36,30.89
e~,30.89,31.04,un,30.89,31.04
a~,31.04,31.23,ange,31.04,31.33
Z,31.23,31.33,ange,31.04,31.33
d,31.33,31.39,de,31.33,31.46
@,31.39,31.46,de,31.33,31.46
d,31.46,31.56,Dieu,31.46,31.87
j,31.56,31.72,Dieu,31.46,31.87
2,31.72,31.87,Dieu,31.46,31.87
a~,32.24,32.36,en,32.24,32.41
n,32.36,32.41,en,32.24,32.41
a~,32.41,32.54,emportant,32.41,32.95
p,32.54,32.57,emportant,32.41,32.95
O,32.57,32.63,emportant,32.41,32.95
R,32.63,32.72,emportant,32.41,32.95
t,32.72,32.78,emportant,32.41,32.95
a~,32.78,32.95,emportant,32.41,32.95
9~,32.95,33.05,un,32.95,33.1
n,33.05,33.1,un,32.95,33.1
a~,33.1,33.19,enfant,33.1,33.43
f,33.19,33.32,enfant,33.1,33.43
a~,33.32,33.43,enfant,33.1,33.43
m,33.43,33.54,mort,33.43,33.73
O,33.54,33.7,mort,33.43,33.73
R,33.7,33.73,mort,33.43,33.73
o,33.73,33.82,au,33.73,33.82
s,33.82,34.02,ciel,33.82,34.34
j,34.02,34.08,ciel,33.82,34.34
E,34.08,34.26,ciel,33.82,34.34
l,34.26,34.34,ciel,33.82,34.34
e,34.8,34.89,et,34.8,34.89
l,34.89,34.93,l’,34.89,34.93
a~,34.93,35.04,enfant,34.93,35.32
f,35.04,35.19,enfant,34.93,35.32
a~,35.19,35.32,enfant,34.93,35.32
l,35.32,35.37,l’,35.32,35.37
e,35.37,35.43,écoutait,35.37,35.81
k,35.43,35.54,écoutait,35.37,35.81
u,35.54,35.59,écoutait,35.37,35.81
t,35.59,35.68,écoutait,35.37,35.81
E,35.68,35.81,écoutait,35.37,35.81
k,35.81,35.86,comme,35.81,36.0
O,35.86,35.91,comme,35.81,36.0
m,35.91,36.0,comme,35.81,36.0
a~,36.0,36.13,en,36.0,36.13
R,36.13,36.19,rêve,36.13,36.57
E,36.19,36.51,rêve,36.13,36.57
v,36.51,36.57,rêve,36.13,36.57
e,36.67,36.7,Et,36.67,36.7
i,37.43,37.65,ils,37.43,37.65
v,37.65,37.69,volaient,37.65,38.03
o,37.69,37.75,volaient,37.65,38.03
l,37.75,37.83,volaient,37.65,38.03
E,37.83,37.97,volaient,37.65,38.03
t,37.97,38.03,volaient,37.65,38.03
o,38.03,38.09,au-dessus,38.03,38.41
d,38.09,38.13,au-dessus,38.03,38.41
@,38.13,38.21,au-dessus,38.03,38.41
s,38.21,38.35,au-dessus,38.03,38.41
y,38.35,38.41,au-dessus,38.03,38.41
d,38.41,38.47,des,38.41,38.59
e,38.47,38.59,des,38.41,38.59
l,38.59,38.62,lieux,38.59,38.91
i,38.62,38.82,lieux,38.59,38.91
2,38.82,38.91,lieux,38.59,38.91
u,38.91,39.08,où,38.91,39.08
l,39.08,39.12,le,39.08,39.21
@,39.12,39.21,le,39.08,39.21
p,39.21,39.25,petit,39.21,39.54
@,39.25,39.32,petit,39.21,39.54
t,39.32,39.45,petit,39.21,39.54
i,39.45,39.54,petit,39.21,39.54
a,39.54,39.63,avait,39.54,39.76
v,39.63,39.68,avait,39.54,39.76
E,39.68,39.76,avait,39.54,39.76
Z,39.76,39.86,joué,39.76,40.24
u,39.86,40.05,joué,39.76,40.24
e,40.05,40.24,joué,39.76,40.24
s,40.62,40.72,sur,40.62,40.83
y,40.72,40.76,sur,40.62,40.83
R,40.76,40.83,sur,40.62,40.83
d,40.83,40.88,des,40.83,40.95
e,40.88,40.95,des,40.83,40.95
Z,40.95,41.03,jardins,40.95,41.38
a,41.03,41.14,jardins,40.95,41.38
R,41.14,41.17,jardins,40.95,41.38
d,41.17,41.22,jardins,40.95,41.38
9~,41.22,41.38,jardins,40.95,41.38
p,41.38,41.41,parsemés,41.38,41.84
a,41.41,41.46,parsemés,41.38,41.84
R,41.46,41.54,parsemés,41.38,41.84
s,41.54,41.67,parsemés,41.38,41.84
@,41.67,41.71,parsemés,41.38,41.84
m,41.71,41.78,parsemés,41.38,41.84
e,41.78,41.84,parsemés,41.38,41.84
d,41.84,41.9,de,41.84,41.96
@,41.9,41.96,de,41.84,41.96
f,41.96,42.12,fleurs,41.96,42.36499
l,42.12,42.16,fleurs,41.96,42.36499
9,42.16,42.3,fleurs,41.96,42.36499
R,42.3,42.36499,fleurs,41.96,42.36499
a,42.36499,42.46998,admirables,42.36499,43.18
d,42.46998,42.52,admirables,42.36499,43.18
m,42.52,42.59,admirables,42.36499,43.18
i,42.59,42.67,admirables,42.36499,43.18
R,42.67,42.74,admirables,42.36499,43.18
a,42.74,42.95,admirables,42.36499,43.18
b,42.95,43.05,admirables,42.36499,43.18
l,43.05,43.18,admirables,42.36499,43.18
l,44.32,44.35,Lesquelles,44.32,44.66
e,44.35,44.43,Lesquelles,44.32,44.66
k,44.43,44.52,Lesquelles,44.32,44.66
E,44.52,44.62,Lesquelles,44.32,44.66
l,44.62,44.66,Lesquelles,44.32,44.66
a~,44.66,44.8,emporterons-nous,44.66,45.44
p,44.8,44.84,emporterons-nous,44.66,45.44
O,44.84,44.89,emporterons-nous,44.66,45.44
R,44.89,44.98,emporterons-nous,44.66,45.44
t,44.98,45.05,emporterons-nous,44.66,45.44
@,45.05,45.08,emporterons-nous,44.66,45.44
R,45.08,45.16,emporterons-nous,44.66,45.44
o~,45.16,45.25,emporterons-nous,44.66,45.44
n,45.25,45.32,emporterons-nous,44.66,45.44
u,45.32,45.44,emporterons-nous,44.66,45.44
p,45.44,45.48,pour,45.44,45.61
u,45.48,45.61,pour,45.44,45.61
l,45.61,45.64,les,45.61,45.73
e,45.64,45.73,les,45.61,45.73
p,45.73,45.78,planter,45.73,46.09
l,45.78,45.81,planter,45.73,46.09
a~,45.81,45.96,planter,45.73,46.09
t,45.96,46.01,planter,45.73,46.09
e,46.01,46.09,planter,45.73,46.09
o,46.09,46.17,au,46.09,46.17
s,46.17,46.37,ciel,46.17,46.76
j,46.37,46.43,ciel,46.17,46.76
E,46.43,46.59,ciel,46.17,46.76
l,46.59,46.76,ciel,46.17,46.76
d,47.22,47.29,demanda,47.22,47.64
@,47.29,47.34,demanda,47.22,47.64
m,47.34,47.41,demanda,47.22,47.64
a~,47.41,47.53,demanda,47.22,47.64
d,47.53,47.56,demanda,47.22,47.64
a,47.56,47.64,demanda,47.22,47.64
l,47.64,47.72,l’,47.64,47.72
a~,47.72,47.97,ange,47.72,48.17
Z,47.97,48.17,ange,47.72,48.17
p,49.11,49.18,Près,49.11,49.34
R,49.18,49.23,Près,49.11,49.34
E,49.23,49.34,Près,49.11,49.34
d,49.34,49.39,d’,49.34,49.39
2,49.39,49.49,eux,49.39,49.49
s,49.49,49.61,se,49.49,49.61
t,49.61,49.68,trouvait,49.61,49.97499
R,49.68,49.76,trouvait,49.61,49.97499
u,49.76,49.8,trouvait,49.61,49.97499
v,49.8,49.84,trouvait,49.61,49.97499
E,49.84,49.97499,trouvait,49.61,49.97499
e~,49.97499,50.15998,un,49.97499,50.15998
R,50.15998,50.19,rosier,50.15998,50.46
O,50.19,50.25,rosier,50.15998,50.46
z,50.25,50.35,rosier,50.15998,50.46
i,50.35,50.43,rosier,50.15998,50.46
e,50.43,50.46,rosier,50.15998,50.46
m,50.46,50.54,magnifique,50.46,51.24
a,50.54,50.59,magnifique,50.46,51.24
J,50.59,50.63,magnifique,50.46,51.24
i,50.63,50.73,magnifique,50.46,51.24
f,50.73,50.9,magnifique,50.46,51.24
i,50.9,51.09,magnifique,50.46,51.24
k,51.09,51.24,magnifique,50.46,51.24
m,51.51,51.57,mais,51.51,51.72
E,51.57,51.63,mais,51.51,51.72
z,51.63,51.72,mais,51.51,51.72
y,51.72,51.76,une,51.72,51.84
n,51.76,51.84,une,51.72,51.84
m,51.84,51.89,méchante,51.84,52.27
e,51.89,51.95,méchante,51.84,52.27
S,51.95,52.07,méchante,51.84,52.27
a~,52.07,52.2,méchante,51.84,52.27
t,52.2,52.27,méchante,51.84,52.27
m,52.32,52.37,main,52.32,52.48
e~,52.37,52.48,main,52.32,52.48
a~,52.48,52.6,en,52.48,52.65
n,52.6,52.65,en,52.48,52.65
a,52.65,52.72,avait,52.65,52.82
v,52.72,52.76,avait,52.65,52.82
E,52.76,52.82,avait,52.65,52.82
b,52.82,52.87,brisé,52.82,53.18
R,52.87,52.92,brisé,52.82,53.18
i,52.92,53.03,brisé,52.82,53.18
z,53.03,53.13,brisé,52.82,53.18
e,53.13,53.18,brisé,52.82,53.18
l,53.18,53.23,la,53.18,53.31
a,53.23,53.31,la,53.18,53.31
t,53.31,53.5,tige,53.31,53.83
i,53.5,53.7,tige,53.31,53.83
Z,53.7,53.83,tige,53.31,53.83
d,54.11,54.19,de,54.11,54.25
@,54.19,54.25,de,54.11,54.25
s,54.25,54.37,sorte,54.25,54.55
O,54.37,54.47,sorte,54.25,54.55
R,54.47,54.5,sorte,54.25,54.55
t,54.5,54.55,sorte,54.25,54.55
k,54.55,54.6,que,54.55,54.6
l,54.6,54.63,les,54.6,54.79
e,54.63,54.79,les,54.6,54.79
b,54.79,54.85,branches,54.79,55.12
R,54.85,54.91,branches,54.79,55.12
a~,54.91,55.06,branches,54.79,55.12
S,55.06,55.12,branches,54.79,55.12
S,55.12,55.24,chargées,55.12,55.56
a,55.24,55.33,chargées,55.12,55.56
R,55.33,55.36,chargées,55.12,55.56
Z,55.36,55.47,chargées,55.12,55.56
e,55.47,55.56,chargées,55.12,55.56
d,55.56,55.65,de,55.56,55.65
b,55.65,55.77,boutons,55.65,56.07
u,55.77,55.8,boutons,55.65,56.07
t,55.8,55.91,boutons,55.65,56.07
o~,55.91,55.99,boutons,55.65,56.07
n,55.99,56.07,boutons,55.65,56.07
a,56.07,56.24,à,56.07,56.24
p,56.24,56.27,peine,56.24,56.45
E,56.27,56.38,peine,56.24,56.45
n,56.38,56.45,peine,56.24,56.45
e,56.45,56.55,éclos,56.45,56.9
k,56.55,56.66,éclos,56.45,56.9
l,56.66,56.7,éclos,56.45,56.9
o,56.7,56.9,éclos,56.45,56.9
p,57.18,57.24,pendaient,57.18,57.53
a~,57.24,57.43,pendaient,57.18,57.53
d,57.43,57.5,pendaient,57.18,57.53
E,57.5,57.53,pendaient,57.18,57.53
e,57.53,57.78,et,57.53,57.78
s,57.78,57.9,se,57.78,57.9
d,57.9,57.99,desséchaient,57.9,58.54
E,57.99,58.08,desséchaient,57.9,58.54
s,58.08,58.2,desséchaient,57.9,58.54
e,58.2,58.24,desséchaient,57.9,58.54
S,58.24,58.41,desséchaient,57.9,58.54
E,58.41,58.54,desséchaient,57.9,58.54
d,58.54,58.58,de,58.54,58.66
@,58.58,58.66,de,58.54,58.66
t,58.66,58.74,tous,58.66,58.8
u,58.74,58.8,tous,58.66,58.8
k,58.8,58.87,côtés,58.8,59.37
o,58.87,58.99,côtés,58.8,59.37
t,58.99,59.1,côtés,58.8,59.37
e,59.1,59.26,côtés,58.8,59.37
t,59.26,59.37,côtés,58.8,59.37
p,60.62,60.7,Pauvre,60.62,60.96
o,60.7,60.83,Pauvre,60.62,60.96
v,60.83,60.89,Pauvre,60.62,60.96
R,60.89,60.96,Pauvre,60.62,60.96
a,60.96,61.13,arbre,60.96,61.36
R,61.13,61.23,arbre,60.96,61.36
b,61.23,61.26,arbre,60.96,61.36
R,61.26,61.36,arbre,60.96,61.36
d,61.86,61.95,dit,61.86,62.05
i,61.95,62.05,dit,61.86,62.05
l,62.05,62.09,l’,62.05,62.09
a~,62.09,62.23,enfant,62.09,62.55
f,62.23,62.4,enfant,62.09,62.55
a~,62.4,62.55,enfant,62.09,62.55
p,62.9,62.98,prends-le,62.9,63.44
R,62.98,63.07,prends-le,62.9,63.44
a~,63.07,63.17,prends-le,62.9,63.44
l,63.17,63.33,prends-le,62.9,63.44
@,63.33,63.44,prends-le,62.9,63.44
p,63.44,63.47,pour,63.44,63.52
u,63.47,63.52,pour,63.44,63.52
k,63.52,63.57,qu’il,63.52,63.75
y,63.57,63.6,qu’il,63.52,63.75
i,63.6,63.7,qu’il,63.52,63.75
j,63.7,63.75,qu’il,63.52,63.75
R,63.75,63.84,refleurisse,63.75,64.29
@,63.84,63.87,refleurisse,63.75,64.29
f,63.87,63.95,refleurisse,63.75,64.29
l,63.95,63.99,refleurisse,63.75,64.29
2,63.99,64.03,refleurisse,63.75,64.29
R,64.03,64.09,refleurisse,63.75,64.29
i,64.09,64.18,refleurisse,63.75,64.29
s,64.18,64.29,refleurisse,63.75,64.29
l,64.29,64.32,là-haut,64.29,64.59
a,64.32,64.38,là-haut,64.29,64.59
?,64.38,64.41,là-haut,64.29,64.59
o,64.41,64.59,là-haut,64.29,64.59
p,64.59,64.62,près,64.59,64.77
R,64.62,64.69,près,64.59,64.77
E,64.69,64.77,près,64.59,64.77
d,64.77,64.81,de,64.77,64.88
@,64.81,64.88,de,64.77,64.88
d,64.88,64.97,Dieu,64.88,65.24
j,64.97,65.14,Dieu,64.88,65.24
2,65.14,65.24,Dieu,64.88,65.24
e,66.56,66.65,Et,66.56,66.65
l,66.65,66.72,l’,66.65,66.72
a~,66.72,66.94,ange,66.72,67.04
Z,66.94,67.04,ange,66.72,67.04
p,67.11,67.14,prit,67.11,67.38
R,67.14,67.23,prit,67.11,67.38
i,67.23,67.38,prit,67.11,67.38
l,67.46,67.49,le,67.46,67.49
R,67.49,67.56,rosier,67.49,68.0
O,67.56,67.59,rosier,67.49,68.0
z,67.59,67.72,rosier,67.49,68.0
i,67.72,67.93,rosier,67.49,68.0
e,67.93,68.0,rosier,67.49,68.0
i,68.75,68.84,Il,68.75,68.88
l,68.84,68.88,Il,68.75,68.88
a~,68.88,68.99,embrassa,68.88,69.35
b,68.99,69.02,embrassa,68.88,69.35
R,69.02,69.08,embrassa,68.88,69.35
a,69.08,69.16,embrassa,68.88,69.35
s,69.16,69.28,embrassa,68.88,69.35
a,69.28,69.35,embrassa,68.88,69.35
l,69.35,69.39,l’,69.35,69.39
a~,69.39,69.53,enfant,69.39,70.01
f,69.53,69.72,enfant,69.39,70.01
a~,69.72,70.01,enfant,69.39,70.01
l,70.39,70.42,le,70.39,70.57
@,70.42,70.57,le,70.39,70.57
p,70.69,70.73,petit,70.69,70.92
t,70.73,70.81,petit,70.69,70.92
i,70.81,70.92,petit,70.69,70.92
u,70.92,70.99,ouvrit,70.92,71.19
v,70.99,71.03,ouvrit,70.92,71.19
R,71.03,71.09,ouvrit,70.92,71.19
i,71.09,71.19,ouvrit,70.92,71.19
s,71.19,71.3,ses,71.19,71.5
e,71.3,71.38,ses,71.19,71.5
z,71.38,71.5,ses,71.19,71.5
i,71.5,71.55,yeux,71.5,71.63
2,71.55,71.63,yeux,71.5,71.63
a,71.63,71.71,à,71.63,71.71
m,71.71,71.78,moitié,71.71,72.3
w,71.78,71.82,moitié,71.71,72.3
a,71.82,71.85,moitié,71.71,72.3
t,71.85,72.05,moitié,71.71,72.3
i,72.05,72.23,moitié,71.71,72.3
e,72.23,72.3,moitié,71.71,72.3
i,73.19,73.35,Ils,73.19,73.35
k,73.35,73.39,cueillirent,73.35,73.72
2,73.39,73.43,cueillirent,73.35,73.72
j,73.43,73.46,cueillirent,73.35,73.72
i,73.46,73.67,cueillirent,73.35,73.72
R,73.67,73.72,cueillirent,73.35,73.72
p,73.72,73.78,partout,73.72,74.06
a,73.78,73.84,partout,73.72,74.06
R,73.84,73.92,partout,73.72,74.06
t,73.92,73.97,partout,73.72,74.06
u,73.97,74.06,partout,73.72,74.06
d,74.06,74.11,de,74.06,74.2
@,74.11,74.2,de,74.06,74.2
R,74.2,74.24,riches,74.2,74.49499
i,74.24,74.34,riches,74.2,74.49499
S,74.34,74.49499,riches,74.2,74.49499
f,74.49499,74.66998,fleurs,74.49499,75.08
l,74.66998,74.74,fleurs,74.49499,75.08
9,74.74,74.97,fleurs,74.49499,75.08
R,74.97,75.08,fleurs,74.49499,75.08
s,75.46,75.59,sans,75.46,75.64
a~,75.59,75.64,sans,75.46,75.64
m,75.64,75.73,mépriser,75.64,76.15
e,75.73,75.83,mépriser,75.64,76.15
p,75.83,75.86,mépriser,75.64,76.15
R,75.86,75.91,mépriser,75.64,76.15
i,75.91,75.96,mépriser,75.64,76.15
z,75.96,76.05,mépriser,75.64,76.15
e,76.05,76.15,mépriser,75.64,76.15
l,76.15,76.2,la,76.15,76.3
a,76.2,76.3,la,76.15,76.3
d,76.3,76.35,dent-de-lion,76.3,76.94
a~,76.35,76.48,dent-de-lion,76.3,76.94
d,76.48,76.53,dent-de-lion,76.3,76.94
@,76.53,76.58,dent-de-lion,76.3,76.94
l,76.58,76.66,dent-de-lion,76.3,76.94
j,76.66,76.78,dent-de-lion,76.3,76.94
o~,76.78,76.94,dent-de-lion,76.3,76.94
s,76.94,77.05,si,76.94,77.1
i,77.05,77.1,si,76.94,77.1
s,77.1,77.2,souvent,77.1,77.48
u,77.2,77.28,souvent,77.1,77.48
v,77.28,77.33,souvent,77.1,77.48
a~,77.33,77.48,souvent,77.1,77.48
d,77.48,77.53,dédaignée,77.48,78.19
e,77.53,77.63,dédaignée,77.48,78.19
d,77.63,77.66,dédaignée,77.48,78.19
E,77.66,77.72,dédaignée,77.48,78.19
J,77.72,77.92,dédaignée,77.48,78.19
e,77.92,78.06,dédaignée,77.48,78.19
t,78.06,78.19,dédaignée,77.48,78.19
n,78.62,78.69,ni,78.62,78.83
i,78.69,78.83,ni,78.62,78.83
l,78.83,78.86,la,78.83,78.98
a,78.86,78.98,la,78.83,78.98
p,78.98,79.01,pensée,78.98,79.3
a~,79.01,79.12,pensée,78.98,79.3
s,79.12,79.24,pensée,78.98,79.3
e,79.24,79.3,pensée,78.98,79.3
s,79.3,79.39,sauvage,79.3,79.96
o,79.39,79.5,sauvage,79.3,79.96
v,79.5,79.56,sauvage,79.3,79.96
a,79.56,79.82,sauvage,79.3,79.96
Z,79.82,79.96,sauvage,79.3,79.96
n,81.05,81.09,Nous,81.05,81.19
u,81.09,81.12,Nous,81.05,81.19
z,81.12,81.19,Nous,81.05,81.19
a,81.19,81.27,avons,81.19,81.42
v,81.27,81.3,avons,81.19,81.42
o~,81.3,81.42,avons,81.19,81.42
a,81.42,81.48,assez,81.42,81.65
s,81.48,81.6,assez,81.42,81.65
E,81.6,81.65,assez,81.42,81.65
d,81.65,81.71,de,81.65,81.76
@,81.71,81.76,de,81.65,81.76
f,81.76,81.88,fleurs,81.76,82.13
l,81.88,81.95,fleurs,81.76,82.13
9,81.95,82.03,fleurs,81.76,82.13
R,82.03,82.13,fleurs,81.76,82.13
m,82.13,82.2,maintenant,82.13,82.77
e~,82.2,82.31,maintenant,82.13,82.77
t,82.31,82.36,maintenant,82.13,82.77
@,82.36,82.41,maintenant,82.13,82.77
n,82.41,82.53,maintenant,82.13,82.77
a~,82.53,82.77,maintenant,82.13,82.77
d,83.1,83.21,dit,83.1,83.32
i,83.21,83.32,dit,83.1,83.32
l,83.32,83.36,l’,83.32,83.36
a~,83.36,83.49,enfant,83.36,83.85
f,83.49,83.7,enfant,83.36,83.85
a~,83.7,83.85,enfant,83.36,83.85
e,84.48,84.6,et,84.48,84.6
l,84.6,84.66,l’,84.6,84.66
a~,84.66,84.86,ange,84.66,84.96
Z,84.86,84.96,ange,84.66,84.96
f,84.96,85.01,fit,84.96,85.14499
i,85.01,85.14499,fit,84.96,85.14499
e~,85.14499,85.27998,un,85.14499,85.27998
s,85.27998,85.41,signe,85.27998,85.59
i,85.41,85.47,signe,85.27998,85.59
J,85.47,85.59,signe,85.27998,85.59
d,85.59,85.68,d’,85.59,85.68
a,85.68,85.75,assentiment,85.68,86.32
s,85.75,85.83,assentiment,85.68,86.32
a~,85.83,85.94,assentiment,85.68,86.32
t,85.94,86.05,assentiment,85.68,86.32
i,86.05,86.1,assentiment,85.68,86.32
m,86.1,86.2,assentiment,85.68,86.32
a~,86.2,86.32,assentiment,85.68,86.32
m,86.85,86.92,mais,86.85,87.07
E,86.92,86.99,mais,86.85,87.07
z,86.99,87.07,mais,86.85,87.07
i,87.07,87.12,ils,87.07,87.12
n,87.12,87.21,ne,87.12,87.27
@,87.21,87.27,ne,87.12,87.27
v,87.27,87.3,volèrent,87.27,87.54
o,87.3,87.36,volèrent,87.27,87.54
l,87.36,87.4,volèrent,87.27,87.54
E,87.4,87.46,volèrent,87.27,87.54
R,87.46,87.54,volèrent,87.27,87.54
p,87.54,87.62,pas,87.54,87.76
a,87.62,87.76,pas,87.54,87.76
a~,87.76,87.9,encore,87.76,88.08
k,87.9,87.96,encore,87.76,88.08
O,87.96,88.03,encore,87.76,88.08
R,88.03,88.08,encore,87.76,88.08
v,88.08,88.14,vers,88.08,88.29
E,88.14,88.24,vers,88.08,88.29
R,88.24,88.29,vers,88.08,88.29
d,88.29,88.39,Dieu,88.29,88.67
j,88.39,88.48,Dieu,88.29,88.67
2,88.48,88.67,Dieu,88.29,88.67
d,89.92,89.99,Déjà,89.92,90.26
e,89.99,90.06,Déjà,89.92,90.26
Z,90.06,90.16,Déjà,89.92,90.26
a,90.16,90.26,Déjà,89.92,90.26
i,90.26,90.4,il,90.26,90.4
f,90.4,90.49,faisait,90.4,90.68
@,90.49,90.53,faisait,90.4,90.68
z,90.53,90.6,faisait,90.4,90.68
E,90.6,90.68,faisait,90.4,90.68
n,90.68,90.79,nuit,90.68,91.05
H,90.79,90.86,nuit,90.68,91.05
i,90.86,91.05,nuit,90.68,91.05
p,91.43,91.5,partout,91.43,91.85
a,91.5,91.58,partout,91.43,91.85
R,91.58,91.65,partout,91.43,91.85
t,91.65,91.72,partout,91.43,91.85
u,91.72,91.85,partout,91.43,91.85
R,91.85,91.9,régnait,91.85,92.22499
e,91.9,91.93,régnait,91.85,92.22499
J,91.93,92.11,régnait,91.85,92.22499
E,92.11,92.22499,régnait,91.85,92.22499
e~,92.22499,92.33998,un,92.22499,92.33998
p,92.33998,92.39,profond,92.33998,92.68
R,92.39,92.44,profond,92.33998,92.68
o,92.44,92.5,profond,92.33998,92.68
f,92.5,92.61,profond,92.33998,92.68
o~,92.61,92.68,profond,92.33998,92.68
s,92.68,92.83,silence,92.68,93.42
i,92.83,92.89,silence,92.68,93.42
l,92.89,92.94,silence,92.68,93.42
a~,92.94,93.15,silence,92.68,93.42
s,93.15,93.42,silence,92.68,93.42
i,93.97,94.1,ils,93.97,94.1
p,94.1,94.15,passaient,94.1,94.49
a,94.15,94.23,passaient,94.1,94.49
s,94.23,94.34,passaient,94.1,94.49
E,94.34,94.45,passaient,94.1,94.49
t,94.45,94.49,passaient,94.1,94.49
o,94.49,94.57,au-dessus,94.49,94.87
d,94.57,94.62,au-dessus,94.49,94.87
@,94.62,94.66,au-dessus,94.49,94.87
s,94.66,94.81,au-dessus,94.49,94.87
y,94.81,94.87,au-dessus,94.49,94.87
d,94.87,94.92,d’,94.87,94.92
y,94.92,94.97,une,94.92,95.11
n,94.97,95.03,une,94.92,95.11
@,95.03,95.11,une,94.92,95.11
p,95.11,95.15,petite,95.11,95.39
@,95.15,95.2,petite,95.11,95.39
t,95.2,95.28,petite,95.11,95.39
i,95.28,95.34,petite,95.11,95.39
t,95.34,95.39,petite,95.11,95.39
R,95.39,95.49,rue,95.39,95.52
y,95.49,95.52,rue,95.39,95.52
s,95.52,95.72,sombre,95.52,95.99
o~,95.72,95.88,sombre,95.52,95.99
b,95.88,95.91,sombre,95.52,95.99
R,95.91,95.99,sombre,95.52,95.99
e,95.99,96.16,et,95.99,96.16
e,96.16,96.19,étroite,96.16,96.66
t,96.19,96.26,étroite,96.16,96.66
R,96.26,96.36,étroite,96.16,96.66
w,96.36,96.4,étroite,96.16,96.66
a,96.4,96.48,étroite,96.16,96.66
t,96.48,96.66,étroite,96.16,96.66
R,96.96,97.08,remplie,96.96,97.41
a~,97.08,97.23,remplie,96.96,97.41
p,97.23,97.31,remplie,96.96,97.41
l,97.31,97.34,remplie,96.96,97.41
i,97.34,97.41,remplie,96.96,97.41
d,97.41,97.47,d’,97.41,97.47
9~,97.47,97.56,un,97.47,97.63
n,97.56,97.63,un,97.47,97.63
a,97.63,97.69,amas,97.63,97.89
m,97.69,97.77,amas,97.63,97.89
a,97.77,97.89,amas,97.63,97.89
d,97.89,97.94,de,97.89,98.06
@,97.94,98.06,de,97.89,98.06
v,98.06,98.09,vieille,98.06,98.38
i,98.09,98.31,vieille,98.06,98.38
E,98.31,98.35,vieille,98.06,98.38
j,98.35,98.38,vieille,98.06,98.38
p,98.38,98.46,paille,98.38,98.85
a,98.46,98.68,paille,98.38,98.85
j,98.68,98.85,paille,98.38,98.85
d,99.22,99.27,de,99.22,99.33
@,99.27,99.33,de,99.22,99.33
s,99.33,99.51,cendres,99.33,99.83
a~,99.51,99.74,cendres,99.33,99.83
d,99.74,99.77,cendres,99.33,99.83
R,99.77,99.83,cendres,99.33,99.83
e,99.83,99.89,et,99.83,99.89
d,99.89,99.95,de,99.89,100.03
@,99.95,100.03,de,99.89,100.03
b,100.03,100.06,balayures,100.03,100.78
a,100.06,100.15,balayures,100.03,100.78
l,100.15,100.2,balayures,100.03,100.78
E,100.2,100.23,balayures,100.03,100.78
j,100.23,100.42,balayures,100.03,100.78
y,100.42,100.65,balayures,100.03,100.78
R,100.65,100.78,balayures,100.03,100.78
k,101.54,101.69,C’était,101.54,101.87
e,101.69,101.75,C’était,101.54,101.87
t,101.75,101.79,C’était,101.54,101.87
E,101.79,101.87,C’était,101.54,101.87
l,101.87,101.91,le,101.87,101.98
@,101.91,101.98,le,101.87,101.98
Z,101.98,102.09,jour,101.98,102.29
u,102.09,102.26,jour,101.98,102.29
R,102.26,102.29,jour,101.98,102.29
d,102.29,102.33,des,102.29,102.41
e,102.33,102.41,des,102.29,102.41
d,102.41,102.44,déménagements,102.41,103.09
e,102.44,102.49,déménagements,102.41,103.09
m,102.49,102.55,déménagements,102.41,103.09
e,102.55,102.59,déménagements,102.41,103.09
n,102.59,102.66,déménagements,102.41,103.09
a,102.66,102.73,déménagements,102.41,103.09
Z,102.73,102.91,déménagements,102.41,103.09
m,102.91,102.95,déménagements,102.41,103.09
a~,102.95,103.09,déménagements,102.41,103.09
t,103.69,103.77,toutes,103.69,103.88
u,103.77,103.83,toutes,103.69,103.88
t,103.83,103.88,toutes,103.69,103.88
s,103.88,104.0,ces,103.88,104.14
e,104.0,104.05,ces,103.88,104.14
z,104.05,104.14,ces,103.88,104.14
a,104.14,104.19,assiettes,104.14,104.44
s,104.19,104.32,assiettes,104.14,104.44
j,104.32,104.37,assiettes,104.14,104.44
E,104.37,104.41,assiettes,104.14,104.44
t,104.41,104.44,assiettes,104.14,104.44
b,104.44,104.54,brisées,104.44,105.14
R,104.54,104.59,brisées,104.44,105.14
i,104.59,104.75,brisées,104.44,105.14
z,104.75,104.89,brisées,104.44,105.14
e,104.89,105.14,brisées,104.44,105.14
t,105.4,105.48,tous,105.4,105.55
u,105.48,105.55,tous,105.4,105.55
s,105.55,105.67,ces,105.55,105.74
e,105.67,105.74,ces,105.55,105.74
m,105.74,105.8,morceaux,105.74,106.17
O,105.8,105.87,morceaux,105.74,106.17
R,105.87,105.94,morceaux,105.74,106.17
s,105.94,106.05,morceaux,105.74,106.17
o,106.05,106.17,morceaux,105.74,106.17
d,106.17,106.22,de,106.17,106.28
@,106.22,106.28,de,106.17,106.28
s,106.28,106.37,statues,106.28,106.77
t,106.37,106.43,statues,106.28,106.77
a,106.43,106.52,statues,106.28,106.77
t,106.52,106.64,statues,106.28,106.77
y,106.64,106.77,statues,106.28,106.77
a~,106.77,106.97,en,106.77,106.97
p,106.97,107.03,plâtre,106.97,107.44
l,107.03,107.08,plâtre,106.97,107.44
A,107.08,107.27,plâtre,106.97,107.44
t,107.27,107.35,plâtre,106.97,107.44
R,107.35,107.44,plâtre,106.97,107.44
t,107.75,107.81,tous,107.75,107.89
u,107.81,107.89,tous,107.75,107.89
s,107.89,108.03,ces,107.89,108.13
e,108.03,108.13,ces,107.89,108.13
?,108.13,108.19,haillons,108.13,108.6
a,108.19,108.29,haillons,108.13,108.6
j,108.29,108.45,haillons,108.13,108.6
o~,108.45,108.52,haillons,108.13,108.6
n,108.52,108.6,haillons,108.13,108.6
o,108.66,108.76,offraient,108.66,109.08
f,108.76,108.86,offraient,108.66,109.08
R,108.86,108.92,offraient,108.66,109.08
E,108.92,109.01,offraient,108.66,109.08
t,109.01,109.08,offraient,108.66,109.08
9~,109.08,109.14,un,109.08,109.19
n,109.14,109.19,un,109.08,109.19
a,109.19,109.24,aspect,109.19,109.53
s,109.24,109.35,aspect,109.19,109.53
p,109.35,109.38,aspect,109.19,109.53
E,109.38,109.53,aspect,109.19,109.53
p,109.53,109.59,peu,109.53,109.66
2,109.59,109.66,peu,109.53,109.66
a,109.66,109.78,agréable,109.66,110.42
g,109.78,109.85,agréable,109.66,110.42
R,109.85,109.93,agréable,109.66,110.42
e,109.93,110.07,agréable,109.66,110.42
a,110.07,110.28,agréable,109.66,110.42
b,110.28,110.36,agréable,109.66,110.42
l,110.36,110.42,agréable,109.66,110.42
e,111.38,111.46,Et,111.38,111.46
l,111.46,111.52,l’,111.46,111.52
a~,111.52,111.69,ange,111.52,111.8
Z,111.69,111.8,ange,111.52,111.8
m,111.8,111.84,montra,111.8,112.23
o~,111.84,111.94,montra,111.8,112.23
t,111.94,112.02,montra,111.8,112.23
R,112.02,112.09,montra,111.8,112.23
a,112.09,112.23,montra,111.8,112.23
a,112.23,112.29,à,112.23,112.29
l,112.29,112.32,l’,112.29,112.32
a~,112.32,112.44,enfant,112.32,112.89
f,112.44,112.64,enfant,112.32,112.89
a~,112.64,112.89,enfant,112.32,112.89
o,113.25,113.33,au,113.25,113.33
m,113.33,113.39,milieu,113.33,113.71
i,113.39,113.51,milieu,113.33,113.71
l,113.51,113.54,milieu,113.33,113.71
j,113.54,113.65,milieu,113.33,113.71
2,113.65,113.71,milieu,113.33,113.71
d,113.71,113.77,de,113.71,113.82
@,113.77,113.82,de,113.71,113.82
s,113.82,113.93,ces,113.82,113.98
e,113.93,113.98,ces,113.82,113.98
d,113.98,114.02,débris,113.98,114.51
e,114.02,114.16,débris,113.98,114.51
b,114.16,114.22,débris,113.98,114.51
R,114.22,114.25,débris,113.98,114.51
i,114.25,114.51,débris,113.98,114.51
k,114.8,114.87,quelques,114.8,115.11
E,114.87,114.95,quelques,114.8,115.11
l,114.95,114.99,quelques,114.8,115.11
k,114.99,115.06,quelques,114.8,115.11
@,115.06,115.11,quelques,114.8,115.11
f,115.11,115.19,fragments,115.11,115.52
R,115.19,115.27,fragments,115.11,115.52
a,115.27,115.33,fragments,115.11,115.52
g,115.33,115.4,fragments,115.11,115.52
m,115.4,115.52,fragments,115.11,115.52
d,115.59,115.63,d’,115.59,115.63
9~,115.63,115.78,un,115.63,115.78
p,115.78,115.81,pot,115.78,115.9
o,115.81,115.9,pot,115.78,115.9
d,115.9,115.95,de,115.9,116.0
@,115.95,116.0,de,115.9,116.0
f,116.0,116.17,fleurs,116.0,116.55
l,116.17,116.21,fleurs,116.0,116.55
9,116.21,116.4,fleurs,116.0,116.55
R,116.4,116.55,fleurs,116.0,116.55
y,117.43,117.51,une,117.43,117.6
n,117.51,117.6,une,117.43,117.6
m,117.6,117.71,motte,117.6,117.94
O,117.71,117.82,motte,117.6,117.94
t,117.82,117.94,motte,117.6,117.94
d,118.01,118.05,de,118.01,118.11
@,118.05,118.11,de,118.01,118.11
t,118.11,118.23,terre,118.11,118.5
E,118.23,118.4,terre,118.11,118.5
R,118.4,118.5,terre,118.11,118.5
a~,118.57,118.66,s’en,118.57,118.72
n,118.66,118.72,s’en,118.57,118.72
e,118.72,118.78,était,118.72,118.9
t,118.78,118.84,était,118.72,118.9
E,118.84,118.9,était,118.72,118.9
d,118.9,118.93,détachée,118.9,119.61
e,118.93,119.06,détachée,118.9,119.61
t,119.06,119.1,détachée,118.9,119.61
a,119.1,119.18,détachée,118.9,119.61
S,119.18,119.4,détachée,118.9,119.61
e,119.4,119.61,détachée,118.9,119.61
a,119.83,119.91,à,119.83,119.91
l,119.91,119.95,laquelle,119.91,120.29
a,119.95,120.01,laquelle,119.91,120.29
k,120.01,120.13,laquelle,119.91,120.29
E,120.13,120.25,laquelle,119.91,120.29
l,120.25,120.29,laquelle,119.91,120.29
t,120.29,120.37,tenaient,120.29,120.6
@,120.37,120.41,tenaient,120.29,120.6
n,120.41,120.48,tenaient,120.29,120.6
E,120.48,120.54,tenaient,120.29,120.6
t,120.54,120.6,tenaient,120.29,120.6
a~,120.6,120.72,encore,120.6,120.93
k,120.72,120.81,encore,120.6,120.93
O,120.81,120.93,encore,120.6,120.93
l,120.93,121.0,les,120.93,121.1
e,121.0,121.1,les,120.93,121.1
R,121.1,121.14,racines,121.1,121.63
a,121.14,121.23,racines,121.1,121.63
s,121.23,121.43,racines,121.1,121.63
i,121.43,121.52,racines,121.1,121.63
n,121.52,121.63,racines,121.1,121.63
d,121.63,121.66,d’,121.63,121.66
y,121.66,121.72,une,121.66,121.8
n,121.72,121.8,une,121.66,121.8
g,121.8,121.91,grande,121.8,122.15
R,121.91,122.01,grande,121.8,122.15
a~,122.01,122.1,grande,121.8,122.15
d,122.1,122.15,grande,121.8,122.15
f,122.15,122.31,fleur,122.15,122.47
l,122.31,122.34,fleur,122.15,122.47
9,122.34,122.42,fleur,122.15,122.47
R,122.42,122.47,fleur,122.15,122.47
d,122.47,122.55,des,122.47,122.63
e,122.55,122.63,des,122.47,122.63
S,122.63,122.83,champs,122.63,123.03
a~,122.83,123.03,champs,122.63,123.03
f,123.41,123.57,fanée,123.41,124.12
a,123.57,123.67,fanée,123.41,124.12
n,123.67,123.77,fanée,123.41,124.12
e,123.77,123.94,fanée,123.41,124.12
t,123.94,124.12,fanée,123.41,124.12
e,124.28,124.38,et,124.28,124.38
Z,124.38,124.51,jetée,124.38,124.9
@,124.51,124.59,jetée,124.38,124.9
t,124.59,124.73,jetée,124.38,124.9
e,124.73,124.9,jetée,124.38,124.9
o,124.9,125.04,au,124.9,125.04
R,125.04,125.16,rebut,125.04,125.46
@,125.16,125.21,rebut,125.04,125.46
b,125.21,125.3,rebut,125.04,125.46
y,125.3,125.46,rebut,125.04,125.46
a~,126.81,126.94,Emportons-la,126.81,127.62
p,126.94,127.0,Emportons-la,126.81,127.62
O,127.0,127.05,Emportons-la,126.81,127.62
R,127.05,127.16,Emportons-la,126.81,127.62
t,127.16,127.21,Emportons-la,126.81,127.62
o~,127.21,127.32,Emportons-la,126.81,127.62
l,127.32,127.38,Emportons-la,126.81,127.62
a,127.38,127.62,Emportons-la,126.81,127.62
d,128.07,128.19,dit,128.07,128.32
i,128.19,128.32,dit,128.07,128.32
l,128.32,128.36,l’,128.32,128.36
a~,128.36,128.64,ange,128.36,128.81
Z,128.64,128.81,ange,128.36,128.81
a~,129.38,129.49,en,129.38,129.49
n,129.49,129.55,nous,129.49,129.69
u,129.55,129.62,nous,129.49,129.69
z,129.62,129.69,nous,129.49,129.69
a~,129.69,129.81,envolant,129.69,130.15
v,129.81,129.84,envolant,129.69,130.15
o,129.84,129.94,envolant,129.69,130.15
l,129.94,130.01,envolant,129.69,130.15
a~,130.01,130.15,envolant,129.69,130.15
Z,130.15,130.22,je,130.15,130.27
@,130.22,130.27,je,130.15,130.27
t,130.27,130.34,te,130.27,130.4
@,130.34,130.4,te,130.27,130.4
d,130.4,130.46,dirai,130.4,130.69
i,130.46,130.58,dirai,130.4,130.69
R,130.58,130.61,dirai,130.4,130.69
e,130.61,130.69,dirai,130.4,130.69
p,130.69,130.74,pourquoi,130.69,131.19
u,130.74,130.81,pourquoi,130.69,131.19
R,130.81,130.84,pourquoi,130.69,131.19
k,130.84,131.01,pourquoi,130.69,131.19
w,131.01,131.09,pourquoi,130.69,131.19
a,131.09,131.19,pourquoi,130.69,131.19
i,132.52,132.6,Ils,132.52,132.78
l,132.6,132.63,Ils,132.52,132.78
z,132.63,132.78,Ils,132.52,132.78
e,132.78,132.81,s’élevèrent,132.78,133.17
l,132.81,132.88,s’élevèrent,132.78,133.17
@,132.88,132.94,s’élevèrent,132.78,133.17
v,132.94,132.99,s’élevèrent,132.78,133.17
E,132.99,133.1,s’élevèrent,132.78,133.17
R,133.1,133.17,s’élevèrent,132.78,133.17
d,133.17,133.22,dans,133.17,133.32
a~,133.22,133.32,dans,133.17,133.32
l,133.32,133.41,l’,133.32,133.41
E,133.41,133.58,air,133.41,133.78
R,133.58,133.78,air,133.41,133.78
e,134.14,134.26,et,134.14,134.26
l,134.26,134.31,l’,134.26,134.31
a~,134.31,134.51,ange,134.31,134.67
Z,134.51,134.67,ange,134.31,134.67
f,134.67,134.84,fit,134.67,134.9
i,134.84,134.9,fit,134.67,134.9
s,134.9,135.02,ce,134.9,135.09
@,135.02,135.09,ce,134.9,135.09
R,135.09,135.14,récit,135.09,135.54
e,135.14,135.22,récit,135.09,135.54
s,135.22,135.4,récit,135.09,135.54
i,135.4,135.54,récit,135.09,135.54
l,136.46,136.51,Là-bas,136.46,136.92
a,136.51,136.65,Là-bas,136.46,136.92
b,136.65,136.69,Là-bas,136.46,136.92
a,136.69,136.92,Là-bas,136.46,136.92
d,137.24,137.32,dans,137.24,137.41
a~,137.32,137.41,dans,137.24,137.41
s,137.41,137.49,cette,137.41,137.61
E,137.49,137.55,cette,137.41,137.61
t,137.55,137.61,cette,137.41,137.61
R,137.61,137.7,rue,137.61,137.74
y,137.7,137.74,rue,137.61,137.74
s,137.74,137.91,sombre,137.74,138.23
o~,137.91,138.13,sombre,137.74,138.23
b,138.13,138.16,sombre,137.74,138.23
R,138.16,138.23,sombre,137.74,138.23
d,138.49,138.56,dans,138.49,138.73
a~,138.56,138.67,dans,138.49,138.73
z,138.67,138.73,dans,138.49,138.73
y,138.73,138.77,une,138.73,138.84
n,138.77,138.84,une,138.73,138.84
E,138.84,138.89,espèce,138.84,139.16
s,138.89,138.97,espèce,138.84,139.16
p,138.97,139.02,espèce,138.84,139.16
E,139.02,139.11,espèce,138.84,139.16
s,139.11,139.16,espèce,138.84,139.16
d,139.16,139.23,de,139.16,139.29
@,139.23,139.29,de,139.16,139.29
k,139.29,139.41,cave,139.29,139.71
a,139.41,139.68,cave,139.29,139.71
v,139.68,139.71,cave,139.29,139.71
d,140.13,140.18,demeurait,140.13,140.53
@,140.18,140.23,demeurait,140.13,140.53
m,140.23,140.3,demeurait,140.13,140.53
2,140.3,140.37,demeurait,140.13,140.53
R,140.37,140.43,demeurait,140.13,140.53
E,140.43,140.53,demeurait,140.13,140.53
9~,140.53,140.73,un,140.53,140.73
p,140.73,140.77,pauvre,140.73,141.03
o,140.77,140.88,pauvre,140.73,141.03
v,140.88,140.93,pauvre,140.73,141.03
R,140.93,141.03,pauvre,140.73,141.03
p,141.03,141.1,petit,141.03,141.29
@,141.1,141.15,petit,141.03,141.29
t,141.15,141.23,petit,141.03,141.29
i,141.23,141.29,petit,141.03,141.29
g,141.29,141.36,garçon,141.29,141.7
a,141.36,141.41,garçon,141.29,141.7
R,141.41,141.48,garçon,141.29,141.7
s,141.48,141.59,garçon,141.29,141.7
o~,141.59,141.7,garçon,141.29,141.7
m,141.7,141.75,malade,141.7,142.23
a,141.75,141.82,malade,141.7,142.23
l,141.82,141.88,malade,141.7,142.23
a,141.88,142.14,malade,141.7,142.23
d,142.14,142.23,malade,141.7,142.23
d,143.13,143.2,Dès,143.13,143.27
E,143.2,143.27,Dès,143.13,143.27
s,143.27,143.36,sa,143.27,143.43
a,143.36,143.43,sa,143.27,143.43
p,143.43,143.5,plus,143.43,143.59
l,143.5,143.53,plus,143.43,143.59
y,143.53,143.59,plus,143.43,143.59
t,143.59,143.68,tendre,143.59,143.89
a~,143.68,143.82,tendre,143.59,143.89
d,143.82,143.85,tendre,143.59,143.89
R,143.85,143.89,tendre,143.59,143.89
a~,143.89,144.0,enfance,143.89,144.55
f,144.0,144.14,enfance,143.89,144.55
a~,144.14,144.38,enfance,143.89,144.55
s,144.38,144.55,enfance,143.89,144.55
i,144.76,144.96,il,144.76,144.96
e,144.96,145.0,était,144.96,145.18
t,145.0,145.04,était,144.96,145.18
E,145.04,145.13,était,144.96,145.18
z,145.13,145.18,était,144.96,145.18
a,145.18,145.25,alité,145.18,145.75
l,145.25,145.28,alité,145.18,145.75
i,145.28,145.4,alité,145.18,145.75
t,145.4,145.55,alité,145.18,145.75
e,145.55,145.75,alité,145.18,145.75
p,146.62,146.74,Parfois,146.62,147.16
a,146.74,146.81,Parfois,146.62,147.16
R,146.81,146.89,Parfois,146.62,147.16
f,146.89,147.0,Parfois,146.62,147.16
w,147.0,147.06,Parfois,146.62,147.16
a,147.06,147.16,Parfois,146.62,147.16
l,147.16,147.21,lorsqu’il,147.16,147.53
O,147.21,147.27,lorsqu’il,147.16,147.53
R,147.27,147.3,lorsqu’il,147.16,147.53
s,147.3,147.37,lorsqu’il,147.16,147.53
k,147.37,147.44,lorsqu’il,147.16,147.53
y,147.44,147.47,lorsqu’il,147.16,147.53
i,147.47,147.5,lorsqu’il,147.16,147.53
j,147.5,147.53,lorsqu’il,147.16,147.53
s,147.53,147.64,se,147.53,147.67
@,147.64,147.67,se,147.53,147.67
s,147.67,147.75,sentait,147.67,148.02
a~,147.75,147.9,sentait,147.67,148.02
t,147.9,147.93,sentait,147.67,148.02
E,147.93,148.02,sentait,147.67,148.02
m,148.02,148.08,mieux,148.02,148.36
j,148.08,148.21,mieux,148.02,148.36
2,148.21,148.36,mieux,148.02,148.36
i,148.69,148.81,il,148.69,148.81
f,148.81,148.89,faisait,148.81,149.1
@,148.89,148.95,faisait,148.81,149.1
z,148.95,149.03,faisait,148.81,149.1
E,149.03,149.1,faisait,148.81,149.1
l,149.1,149.19,le,149.1,149.19
t,149.19,149.3,tour,149.19,149.46
u,149.3,149.42,tour,149.19,149.46
R,149.42,149.46,tour,149.19,149.46
d,149.46,149.53,de,149.46,149.53
l,149.53,149.6,la,149.53,149.67
a,149.6,149.67,la,149.53,149.67
S,149.67,149.85,chambre,149.67,150.12
a~,149.85,150.03,chambre,149.67,150.12
b,150.03,150.06,chambre,149.67,150.12
R,150.06,150.12,chambre,149.67,150.12
a,150.12,150.18,à,150.12,150.18
l,150.18,150.24,l’,150.18,150.24
E,150.24,150.31,aide,150.24,150.34
d,150.31,150.34,aide,150.24,150.34
d,150.34,150.44,de,150.34,150.51
@,150.44,150.51,de,150.34,150.51
b,150.51,150.55,béquilles,150.51,151.12
e,150.55,150.64,béquilles,150.51,151.12
k,150.64,150.79,béquilles,150.51,151.12
i,150.79,151.07,béquilles,150.51,151.12
j,151.07,151.12,béquilles,150.51,151.12
e,151.42,151.5,et,151.42,151.56
z,151.5,151.56,et,151.42,151.56
k,151.56,151.6,c’était,151.56,151.84
e,151.6,151.68,c’était,151.56,151.84
t,151.68,151.73,c’était,151.56,151.84
E,151.73,151.84,c’était,151.56,151.84
t,151.84,151.93,tout,151.84,152.11
u,151.93,152.11,tout,151.84,152.11
a~,153.27,153.38,En,153.27,153.45
n,153.38,153.45,En,153.27,153.45
e,153.45,153.61,été,153.45,153.99
t,153.61,153.68,été,153.45,153.99
e,153.68,153.84,été,153.45,153.99
t,153.84,153.99,été,153.45,153.99
l,154.29,154.37,les,154.29,154.47
e,154.37,154.47,les,154.29,154.47
R,154.47,154.51,rayons,154.47,154.76
E,154.51,154.56,rayons,154.47,154.76
j,154.56,154.67,rayons,154.47,154.76
o~,154.67,154.76,rayons,154.47,154.76
d,154.76,154.79,du,154.76,154.84
y,154.79,154.84,du,154.76,154.84
s,154.84,154.97,soleil,154.84,155.22499
o,154.97,155.01,soleil,154.84,155.22499
l,155.01,155.06,soleil,154.84,155.22499
E,155.06,155.17,soleil,154.84,155.22499
j,155.17,155.22499,soleil,154.84,155.22499
v,155.22499,155.32998,venaient,155.22499,155.5
n,155.32998,155.43,venaient,155.22499,155.5
E,155.43,155.5,venaient,155.22499,155.5
d,155.5,155.54,de,155.5,155.62
@,155.54,155.62,de,155.5,155.62
t,155.62,155.67,temps,155.62,155.87
a~,155.67,155.8,temps,155.62,155.87
z,155.8,155.87,temps,155.62,155.87
a~,155.87,156.02,en,155.87,156.02
t,156.02,156.05,temps,156.02,156.18
a~,156.05,156.18,temps,156.02,156.18
e,156.18,156.3,éclairer,156.18,156.65
k,156.3,156.37,éclairer,156.18,156.65
l,156.37,156.4,éclairer,156.18,156.65
E,156.4,156.5,éclairer,156.18,156.65
R,156.5,156.53,éclairer,156.18,156.65
e,156.53,156.65,éclairer,156.18,156.65
s,156.65,156.75,cette,156.65,156.9
e,156.75,156.79,cette,156.65,156.9
t,156.79,156.86,cette,156.65,156.9
@,156.86,156.9,cette,156.65,156.9
m,156.9,156.97,misérable,156.9,157.46
i,156.97,157.03,misérable,156.9,157.46
z,157.03,157.12,misérable,156.9,157.46
e,157.12,157.19,misérable,156.9,157.46
R,157.19,157.24,misérable,156.9,157.46
a,157.24,157.39,misérable,156.9,157.46
b,157.39,157.43,misérable,156.9,157.46
l,157.43,157.46,misérable,156.9,157.46
d,157.52,157.59,demeure,157.52,158.11
@,157.59,157.65,demeure,157.52,158.11
m,157.65,157.77,demeure,157.52,158.11
9,157.77,158.0,demeure,157.52,158.11
R,158.0,158.11,demeure,157.52,158.11
e,158.49,158.64,et,158.49,158.64
a,158.64,158.7,alors,158.64,158.96
l,158.7,158.76,alors,158.64,158.96
O,158.76,158.89,alors,158.64,158.96
R,158.89,158.96,alors,158.64,158.96
l,158.96,159.0,le,158.96,159.06
@,159.0,159.06,le,158.96,159.06
p,159.06,159.12,petit,159.06,159.32
@,159.12,159.17,petit,159.06,159.32
t,159.17,159.27,petit,159.06,159.32
i,159.27,159.32,petit,159.06,159.32
g,159.32,159.4,garçon,159.32,159.73
a,159.4,159.45,garçon,159.32,159.73
R,159.45,159.51,garçon,159.32,159.73
s,159.51,159.63,garçon,159.32,159.73
o~,159.63,159.73,garçon,159.32,159.73
s,159.73,159.86,se,159.73,159.86
R,159.86,159.94,réchauffait,159.86,160.39
e,159.94,159.99,réchauffait,159.86,160.39
S,159.99,160.1,réchauffait,159.86,160.39
o,160.1,160.14,réchauffait,159.86,160.39
f,160.14,160.24,réchauffait,159.86,160.39
E,160.24,160.32,réchauffait,159.86,160.39
t,160.32,160.39,réchauffait,159.86,160.39
o,160.39,160.45,au,160.39,160.45
s,160.45,160.57,soleil,160.45,160.95
o,160.57,160.62,soleil,160.45,160.95
l,160.62,160.7,soleil,160.45,160.95
E,160.7,160.83,soleil,160.45,160.95
j,160.83,160.95,soleil,160.45,160.95
R,161.43,161.55,regardait,161.43,161.92
@,161.55,161.58,regardait,161.43,161.92
g,161.58,161.67,regardait,161.43,161.92
a,161.67,161.77,regardait,161.43,161.92
R,161.77,161.8,regardait,161.43,161.92
d,161.8,161.85,regardait,161.43,161.92
E,161.85,161.92,regardait,161.43,161.92
l,161.92,161.97,le,161.92,162.03
@,161.97,162.03,le,161.92,162.03
s,162.03,162.15,sang,162.03,162.34
a~,162.15,162.34,sang,162.03,162.34
R,162.34,162.4,rouge,162.34,162.73499
u,162.4,162.62,rouge,162.34,162.73499
Z,162.62,162.73499,rouge,162.34,162.73499
s,162.73499,162.91998,circuler,162.73499,163.32
i,162.91998,162.99,circuler,162.73499,163.32
R,162.99,163.03,circuler,162.73499,163.32
k,163.03,163.12,circuler,162.73499,163.32
y,163.12,163.17,circuler,162.73499,163.32
l,163.17,163.22,circuler,162.73499,163.32
e,163.22,163.32,circuler,162.73499,163.32
d,163.32,163.35,dans,163.32,163.45
a~,163.35,163.45,dans,163.32,163.45
s,163.45,163.58,ses,163.45,163.63
e,163.58,163.63,ses,163.45,163.63
d,163.63,163.7,doigts,163.63,163.87
w,163.7,163.8,doigts,163.63,163.87
a,163.8,163.87,doigts,163.63,163.87
d,163.87,163.93,délicats,163.87,164.42
e,163.93,164.02,délicats,163.87,164.42
l,164.02,164.05,délicats,163.87,164.42
i,164.05,164.11,délicats,163.87,164.42
k,164.11,164.23,délicats,163.87,164.42
a,164.23,164.42,délicats,163.87,164.42
e,164.42,164.46,et,164.42,164.46
d,164.46,164.55,diaphanes,164.46,165.14
j,164.55,164.6,diaphanes,164.46,165.14
a,164.6,164.64,diaphanes,164.46,165.14
f,164.64,164.8,diaphanes,164.46,165.14
a,164.8,164.99,diaphanes,164.46,165.14
n,164.99,165.14,diaphanes,164.46,165.14
a~,165.51,165.61,en,165.51,165.67
n,165.61,165.67,en,165.51,165.67
d,165.67,165.76,disant,165.67,166.19
i,165.76,165.89,disant,165.67,166.19
z,165.89,165.96,disant,165.67,166.19
a~,165.96,166.19,disant,165.67,166.19
o,166.97,167.09,Aujourd’hui,166.97,167.77
Z,167.09,167.2,Aujourd’hui,166.97,167.77
u,167.2,167.33,Aujourd’hui,166.97,167.77
R,167.33,167.37,Aujourd’hui,166.97,167.77
d,167.37,167.4,Aujourd’hui,166.97,167.77
S,167.4,167.43,Aujourd’hui,166.97,167.77
H,167.43,167.48,Aujourd’hui,166.97,167.77
i,167.48,167.77,Aujourd’hui,166.97,167.77
d,168.04,168.16,Dieu,168.04,168.34
j,168.16,168.3,Dieu,168.04,168.34
2,168.3,168.34,Dieu,168.04,168.34
m,168.34,168.41,merci,168.34,168.9
E,168.41,168.49,merci,168.34,168.9
R,168.49,168.55,merci,168.34,168.9
s,168.55,168.75,merci,168.34,168.9
i,168.75,168.9,merci,168.34,168.9
Z,169.18,169.32,j’ai,169.18,169.43
a,169.32,169.36,j’ai,169.18,169.43
i,169.36,169.43,j’ai,169.18,169.43
p,169.43,169.47,pu,169.43,169.54
y,169.47,169.54,pu,169.43,169.54
s,169.54,169.65,sortir,169.54,170.23
O,169.65,169.69,sortir,169.54,170.23
R,169.69,169.79,sortir,169.54,170.23
t,169.79,169.93,sortir,169.54,170.23
i,169.93,170.18,sortir,169.54,170.23
R,170.18,170.23,sortir,169.54,170.23
i,171.55,171.65,Il,171.55,171.73
l,171.65,171.73,Il,171.55,171.73
n,171.73,171.79,ne,171.73,171.79
k,171.79,171.82,connaissait,171.79,172.22
o,171.82,171.87,connaissait,171.79,172.22
n,171.87,171.96,connaissait,171.79,172.22
E,171.96,172.02,connaissait,171.79,172.22
s,172.02,172.15,connaissait,171.79,172.22
E,172.15,172.22,connaissait,171.79,172.22
l,172.22,172.27,la,172.22,172.33
a,172.27,172.33,la,172.22,172.33
m,172.33,172.4,magnifique,172.33,172.8
a,172.4,172.44,magnifique,172.33,172.8
J,172.44,172.51,magnifique,172.33,172.8
i,172.51,172.56,magnifique,172.33,172.8
f,172.56,172.67,magnifique,172.33,172.8
i,172.67,172.77,magnifique,172.33,172.8
k,172.77,172.8,magnifique,172.33,172.8
v,172.8,172.83,verdure,172.8,173.2
E,172.83,172.96,verdure,172.8,173.2
R,172.96,173.0,verdure,172.8,173.2
d,173.0,173.07,verdure,172.8,173.2
y,173.07,173.13,verdure,172.8,173.2
R,173.13,173.2,verdure,172.8,173.2
d,173.2,173.24,de,173.2,173.28
@,173.24,173.28,de,173.2,173.28
l,173.28,173.35,la,173.28,173.42
a,173.35,173.42,la,173.28,173.42
f,173.42,173.56,forêt,173.42,173.91
o,173.56,173.65,forêt,173.42,173.91
R,173.65,173.72,forêt,173.42,173.91
E,173.72,173.91,forêt,173.42,173.91
k,173.91,174.04,que,173.91,174.1
@,174.04,174.1,que,173.91,174.1
p,174.1,174.16,par,174.1,174.3
a,174.16,174.3,par,174.1,174.3
y,174.3,174.33,une,174.3,174.48
n,174.33,174.41,une,174.3,174.48
@,174.41,174.48,une,174.3,174.48
b,174.48,174.53,branche,174.48,174.89
R,174.53,174.61,branche,174.48,174.89
a~,174.61,174.78,branche,174.48,174.89
S,174.78,174.89,branche,174.48,174.89
d,174.89,174.92,de,174.89,174.99
@,174.92,174.99,de,174.89,174.99
?,174.99,175.02,hêtre,174.99,175.44
E,175.02,175.26,hêtre,174.99,175.44
t,175.26,175.38,hêtre,174.99,175.44
R,175.38,175.44,hêtre,174.99,175.44
k,175.61,175.7,que,175.61,175.74
@,175.7,175.74,que,175.61,175.74
l,175.74,175.79,le,175.74,175.86
@,175.79,175.86,le,175.74,175.86
f,175.86,175.98,fils,175.86,176.14
i,175.98,176.14,fils,175.86,176.14
d,176.14,176.19,du,176.14,176.27
y,176.19,176.27,du,176.14,176.27
v,176.27,176.32,voisin,176.27,176.67
w,176.32,176.38,voisin,176.27,176.67
a,176.38,176.42,voisin,176.27,176.67
z,176.42,176.54,voisin,176.27,176.67
9~,176.54,176.67,voisin,176.27,176.67
l,176.67,176.72,lui,176.67,176.8
H,176.72,176.75,lui,176.67,176.8
i,176.75,176.8,lui,176.67,176.8
a,176.8,176.87,avait,176.8,177.03
v,176.87,176.91,avait,176.8,177.03
E,176.91,176.98,avait,176.8,177.03
t,176.98,177.03,avait,176.8,177.03
a,177.03,177.11,apportée,177.03,177.6
p,177.11,177.19,apportée,177.03,177.6
O,177.19,177.25,apportée,177.03,177.6
R,177.25,177.38,apportée,177.03,177.6
t,177.38,177.45,apportée,177.03,177.6
e,177.45,177.6,apportée,177.03,177.6
i,178.59,178.73,Il,178.59,178.73
t,178.73,178.81,tenait,178.73,179.02
n,178.81,178.93,tenait,178.73,179.02
E,178.93,179.02,tenait,178.73,179.02
s,179.02,179.12,cette,179.02,179.29
E,179.12,179.16,cette,179.02,179.29
t,179.16,179.22,cette,179.02,179.29
@,179.22,179.29,cette,179.02,179.29
b,179.29,179.34,branche,179.29,179.67
R,179.34,179.41,branche,179.29,179.67
a~,179.41,179.56,branche,179.29,179.67
S,179.56,179.67,branche,179.29,179.67
o,179.67,179.73,au-dessus,179.67,180.01
d,179.73,179.78,au-dessus,179.67,180.01
@,179.78,179.84,au-dessus,179.67,180.01
s,179.84,179.97,au-dessus,179.67,180.01
y,179.97,180.01,au-dessus,179.67,180.01
d,180.01,180.06,de,180.01,180.12
@,180.06,180.12,de,180.01,180.12
s,180.12,180.24,sa,180.12,180.36
a,180.24,180.36,sa,180.12,180.36
t,180.36,180.44,tête,180.36,180.72
E,180.44,180.56,tête,180.36,180.72
t,180.56,180.72,tête,180.36,180.72
e,181.09,181.27,et,181.09,181.27
i,181.27,181.33,il,181.27,181.33
l,181.33,181.36,lui,181.33,181.46
H,181.36,181.41,lui,181.33,181.46
i,181.41,181.46,lui,181.33,181.46
s,181.46,181.57,semblait,181.46,181.88
a~,181.57,181.7,semblait,181.46,181.88
b,181.7,181.76,semblait,181.46,181.88
l,181.76,181.81,semblait,181.46,181.88
E,181.81,181.88,semblait,181.46,181.88
e~,181.88,182.04,ainsi,181.88,182.29
s,182.04,182.2,ainsi,181.88,182.29
i,182.2,182.29,ainsi,181.88,182.29
s,182.29,182.43,se,182.29,182.43
R,182.43,182.54,reposer,182.43,182.99
@,182.54,182.62,reposer,182.43,182.99
p,182.62,182.68,reposer,182.43,182.99
O,182.68,182.78,reposer,182.43,182.99
z,182.78,182.87,reposer,182.43,182.99
e,182.87,182.99,reposer,182.43,182.99
s,182.99,183.08,sous,182.99,183.17
u,183.08,183.17,sous,182.99,183.17
l,183.17,183.2,les,183.17,183.33
e,183.2,183.28,les,183.17,183.33
t,183.28,183.33,les,183.17,183.33
g,183.33,183.36,grands,183.33,183.61
R,183.36,183.42,grands,183.33,183.61
a~,183.42,183.53,grands,183.33,183.61
z,183.53,183.61,grands,183.33,183.61
a,183.61,183.75,arbres,183.61,184.01
R,183.75,183.82,arbres,183.61,184.01
b,183.82,183.85,arbres,183.61,184.01
R,183.85,184.01,arbres,183.61,184.01
E,184.38,184.43,ayant,184.38,184.68
j,184.43,184.56,ayant,184.38,184.68
a~,184.56,184.68,ayant,184.38,184.68
l,184.68,184.71,le,184.68,184.76
@,184.71,184.76,le,184.68,184.76
s,184.76,184.88,soleil,184.76,185.16
o,184.88,184.93,soleil,184.76,185.16
l,184.93,184.99,soleil,184.76,185.16
E,184.99,185.08,soleil,184.76,185.16
j,185.08,185.16,soleil,184.76,185.16
a~,185.16,185.25,en,185.16,185.25
p,185.25,185.28,perspective,185.25,186.1
E,185.28,185.35,perspective,185.25,186.1
R,185.35,185.4,perspective,185.25,186.1
s,185.4,185.49,perspective,185.25,186.1
p,185.49,185.52,perspective,185.25,186.1
E,185.52,185.56,perspective,185.25,186.1
k,185.56,185.65,perspective,185.25,186.1
t,185.65,185.76,perspective,185.25,186.1
i,185.76,186.02,perspective,185.25,186.1
v,186.02,186.1,perspective,185.25,186.1
e,186.55,186.67,et,186.55,186.67
p,186.67,186.7,pour,186.67,186.85
u,186.7,186.85,pour,186.67,186.85
m,186.85,186.94,musique,186.85,187.28
y,186.94,187.01,musique,186.85,187.28
z,187.01,187.09,musique,186.85,187.28
i,187.09,187.23,musique,186.85,187.28
k,187.23,187.28,musique,186.85,187.28
l,187.28,187.31,le,187.28,187.43
@,187.31,187.43,le,187.28,187.43
S,187.43,187.56,chant,187.43,187.7
a~,187.56,187.65,chant,187.43,187.7
n,187.65,187.7,chant,187.43,187.7
d,187.7,187.73,délicieux,187.7,188.28
e,187.73,187.81,délicieux,187.7,188.28
l,187.81,187.84,délicieux,187.7,188.28
i,187.84,187.92,délicieux,187.7,188.28
s,187.92,188.12,délicieux,187.7,188.28
i,188.12,188.18,délicieux,187.7,188.28
2,188.18,188.28,délicieux,187.7,188.28
d,188.28,188.37,de,188.28,188.43
@,188.37,188.43,de,188.28,188.43
m,188.43,188.51,mille,188.43,188.65
i,188.51,188.65,mille,188.43,188.65
p,188.65,188.73,petits,188.65,188.98
@,188.73,188.78,petits,188.65,188.98
t,188.78,188.88,petits,188.65,188.98
i,188.88,188.98,petits,188.65,188.98
w,189.03,189.1,oiseaux,189.03,189.44
a,189.1,189.17,oiseaux,189.03,189.44
z,189.17,189.25,oiseaux,189.03,189.44
o,189.25,189.44,oiseaux,189.03,189.44
9~,190.47,190.62,Un,190.47,190.62
Z,190.62,190.7,jour,190.62,190.83
u,190.7,190.83,jour,190.62,190.83
d,190.83,190.89,de,190.83,190.95
@,190.89,190.95,de,190.83,190.95
p,190.95,191.0,printemps,190.95,191.57
R,191.0,191.05,printemps,190.95,191.57
e~,191.05,191.2,printemps,190.95,191.57
t,191.2,191.32,printemps,190.95,191.57
a~,191.32,191.57,printemps,190.95,191.57
l,191.91,192.02,le,191.91,192.02
f,192.02,192.16,fils,192.02,192.32
i,192.16,192.32,fils,192.02,192.32
d,192.32,192.37,du,192.32,192.43
y,192.37,192.43,du,192.32,192.43
v,192.43,192.47,voisin,192.43,192.77
w,192.47,192.52,voisin,192.43,192.77
a,192.52,192.56,voisin,192.43,192.77
z,192.56,192.65,voisin,192.43,192.77
9~,192.65,192.77,voisin,192.43,192.77
l,192.77,192.8,lui,192.77,192.9
H,192.8,192.87,lui,192.77,192.9
i,192.87,192.9,lui,192.77,192.9
a,192.9,192.97,apporta,192.9,193.26
p,192.97,193.03,apporta,192.9,193.26
O,193.03,193.08,apporta,192.9,193.26
R,193.08,193.15,apporta,192.9,193.26
t,193.15,193.2,apporta,192.9,193.26
a,193.2,193.26,apporta,192.9,193.26
o,193.26,193.35,aussi,193.26,193.52
s,193.35,193.46,aussi,193.26,193.52
i,193.46,193.52,aussi,193.26,193.52
k,193.52,193.57,quelques,193.52,193.79
E,193.57,193.64,quelques,193.52,193.79
l,193.64,193.69,quelques,193.52,193.79
k,193.69,193.74,quelques,193.52,193.79
@,193.74,193.79,quelques,193.52,193.79
f,193.79,193.89,fleurs,193.79,194.06
l,193.89,193.96,fleurs,193.79,194.06
9,193.96,194.03,fleurs,193.79,194.06
R,194.03,194.06,fleurs,193.79,194.06
d,194.06,194.11,des,194.06,194.17
e,194.11,194.17,des,194.06,194.17
S,194.17,194.37,champs,194.17,194.52
a~,194.37,194.52,champs,194.17,194.52
d,195.12,195.19,dont,195.12,195.34
o~,195.19,195.34,dont,195.12,195.34
l,195.34,195.37,l’,195.34,195.37
y,195.37,195.53,une,195.37,195.6
n,195.53,195.6,une,195.37,195.6
p,195.66,195.69,par,195.66,195.75
a,195.69,195.75,par,195.66,195.75
?,195.75,196.01,hasard,195.75,196.68
a,196.01,196.22,hasard,195.75,196.68
z,196.22,196.34,hasard,195.75,196.68
a,196.34,196.58,hasard,195.75,196.68
R,196.58,196.68,hasard,195.75,196.68
a,196.95,197.05,avait,196.95,197.21
v,197.05,197.09,avait,196.95,197.21
E,197.09,197.16,avait,196.95,197.21
t,197.16,197.21,avait,196.95,197.21
a~,197.21,197.35,encore,197.21,197.56
k,197.35,197.4,encore,197.21,197.56
O,197.4,197.49,encore,197.21,197.56
R,197.49,197.56,encore,197.21,197.56
s,197.56,197.67,ses,197.56,197.74
E,197.67,197.74,ses,197.56,197.74
R,197.74,197.77,racines,197.74,198.31
a,197.77,197.85,racines,197.74,198.31
s,197.85,198.05,racines,197.74,198.31
i,198.05,198.16,racines,197.74,198.31
n,198.16,198.31,racines,197.74,198.31
E,199.32,199.44,Elle,199.32,199.44
f,199.44,199.54,fut,199.44,199.66
y,199.54,199.66,fut,199.44,199.66
p,199.66,199.69,plantée,199.66,199.98
l,199.69,199.73,plantée,199.66,199.98
a~,199.73,199.86,plantée,199.66,199.98
t,199.86,199.9,plantée,199.66,199.98
e,199.9,199.98,plantée,199.66,199.98
d,199.98,200.01,dans,199.98,200.18
a~,200.01,200.12,dans,199.98,200.18
z,200.12,200.18,dans,199.98,200.18
9~,200.18,200.41,un,200.18,200.41
p,200.41,200.46,pot,200.41,200.74
o,200.46,200.74,pot,200.41,200.74
e,201.1,201.23,et,201.1,201.23
p,201.23,201.26,placée,201.23,201.62
l,201.26,201.33,placée,201.23,201.62
a,201.33,201.41,placée,201.23,201.62
s,201.41,201.55,placée,201.23,201.62
E,201.55,201.62,placée,201.23,201.62
s,201.62,201.7,sur,201.62,201.81
y,201.7,201.75,sur,201.62,201.81
R,201.75,201.81,sur,201.62,201.81
l,201.81,201.85,la,201.81,201.93
a,201.85,201.93,la,201.81,201.93
f,201.93,202.05,fenêtre,201.93,202.49
@,202.05,202.11,fenêtre,201.93,202.49
n,202.11,202.17,fenêtre,201.93,202.49
E,202.17,202.32,fenêtre,201.93,202.49
t,202.32,202.49,fenêtre,201.93,202.49
p,202.61,202.7,près,202.61,202.9
R,202.7,202.79,près,202.61,202.9
E,202.79,202.9,près,202.61,202.9
d,202.9,202.98,du,202.9,203.03
y,202.98,203.03,du,202.9,203.03
l,203.03,203.09,lit,203.03,203.43
i,203.09,203.43,lit,203.03,203.43
p,204.18,204.28,Plantée,204.18,204.68
l,204.28,204.33,Plantée,204.18,204.68
a~,204.33,204.5,Plantée,204.18,204.68
t,204.5,204.53,Plantée,204.18,204.68
e,204.53,204.68,Plantée,204.18,204.68
p,204.68,204.71,par,204.68,204.88
a,204.71,204.82,par,204.68,204.88
R,204.82,204.88,par,204.68,204.88
y,204.88,204.92,une,204.88,205.01
n,204.92,205.01,une,204.88,205.01
m,205.01,205.12,main,205.01,205.27
e~,205.12,205.27,main,205.01,205.27
2,205.27,205.4,heureuse,205.27,205.9
R,205.4,205.52,heureuse,205.27,205.9
2,205.52,205.74,heureuse,205.27,205.9
z,205.74,205.9,heureuse,205.27,205.9
E,206.19,206.28,elle,206.19,206.37
l,206.28,206.37,elle,206.19,206.37
p,206.37,206.43,poussa,206.37,206.75
u,206.43,206.5,poussa,206.37,206.75
s,206.5,206.64,poussa,206.37,206.75
a,206.64,206.75,poussa,206.37,206.75
d,206.75,206.78,des,206.75,206.86
e,206.78,206.86,des,206.75,206.86
R,206.86,206.96,rejetons,206.86,207.56
@,206.96,206.99,rejetons,206.86,207.56
Z,206.99,207.08,rejetons,206.86,207.56
@,207.08,207.2,rejetons,206.86,207.56
t,207.2,207.29,rejetons,206.86,207.56
o~,207.29,207.4,rejetons,206.86,207.56
t,207.4,207.56,rejetons,206.86,207.56
e,207.82,207.92,et,207.82,207.92
p,207.92,207.95,produisit,207.92,208.35
R,207.95,207.98,produisit,207.92,208.35
o,207.98,208.04,produisit,207.92,208.35
d,208.04,208.09,produisit,207.92,208.35
H,208.09,208.14,produisit,207.92,208.35
i,208.14,208.19,produisit,207.92,208.35
z,208.19,208.27,produisit,207.92,208.35
i,208.27,208.35,produisit,207.92,208.35
S,208.35,208.53,chaque,208.35,208.69
a,208.53,208.61,chaque,208.35,208.69
k,208.61,208.69,chaque,208.35,208.69
a,208.69,208.76,année,208.69,208.96
n,208.76,208.86,année,208.69,208.96
e,208.86,208.96,année,208.69,208.96
d,208.96,208.99,de,208.96,209.03
@,208.99,209.03,de,208.96,209.03
n,209.03,209.11,nouvelles,209.03,209.35
u,209.11,209.18,nouvelles,209.03,209.35
v,209.18,209.21,nouvelles,209.03,209.35
E,209.21,209.35,nouvelles,209.03,209.35
f,209.35,209.51,fleurs,209.35,209.94
l,209.51,209.56,fleurs,209.35,209.94
9,209.56,209.78,fleurs,209.35,209.94
R,209.78,209.94,fleurs,209.35,209.94
k,210.61,210.75,C’était,210.61,210.94
e,210.75,210.83,C’était,210.61,210.94
t,210.83,210.87,C’était,210.61,210.94
E,210.87,210.94,C’était,210.61,210.94
l,210.94,211.0,le,210.94,211.04
@,211.0,211.04,le,210.94,211.04
Z,211.04,211.12,jardin,211.04,211.44
a,211.12,211.22,jardin,211.04,211.44
R,211.22,211.25,jardin,211.04,211.44
d,211.25,211.3,jardin,211.04,211.44
9~,211.3,211.44,jardin,211.04,211.44
d,211.44,211.5,de,211.44,211.5
l,211.5,211.56,l’,211.5,211.56
a~,211.56,211.68,enfant,211.56,211.88
f,211.68,211.78,enfant,211.56,211.88
a~,211.78,211.88,enfant,211.56,211.88
m,211.88,211.92,malade,211.88,212.33
a,211.92,211.99,malade,211.88,212.33
l,211.99,212.03,malade,211.88,212.33
a,212.03,212.3,malade,211.88,212.33
d,212.3,212.33,malade,211.88,212.33
s,212.61,212.72,son,212.61,212.8
o~,212.72,212.8,son,212.61,212.8
s,212.8,212.95,seul,212.8,213.06
9,212.95,213.02,seul,212.8,213.06
l,213.02,213.06,seul,212.8,213.06
t,213.06,213.13,trésor,213.06,213.55
R,213.13,213.22,trésor,213.06,213.55
e,213.22,213.27,trésor,213.06,213.55
z,213.27,213.39,trésor,213.06,213.55
O,213.39,213.55,trésor,213.06,213.55
s,213.55,213.7,sur,213.55,213.77
y,213.7,213.74,sur,213.55,213.77
R,213.74,213.77,sur,213.55,213.77
s,213.77,213.87,cette,213.77,214.07
E,213.87,213.92,cette,213.77,214.07
t,213.92,213.99,cette,213.77,214.07
@,213.99,214.07,cette,213.77,214.07
t,214.07,214.17,terre,214.07,214.54
E,214.17,214.41,terre,214.07,214.54
R,214.41,214.54,terre,214.07,214.54
i,215.22,215.39,il,215.22,215.39
l,215.39,215.43,l’,215.39,215.43
a,215.43,215.55,arrosait,215.43,215.96
R,215.55,215.6,arrosait,215.43,215.96
O,215.6,215.67,arrosait,215.43,215.96
z,215.67,215.79,arrosait,215.43,215.96
E,215.79,215.96,arrosait,215.43,215.96
l,216.36,216.39,la,216.36,216.43
a,216.39,216.43,la,216.36,216.43
k,216.51,216.56,cultivait,216.51,217.1
y,216.56,216.68,cultivait,216.51,217.1
l,216.68,216.71,cultivait,216.51,217.1
t,216.71,216.8,cultivait,216.51,217.1
i,216.8,216.9,cultivait,216.51,217.1
v,216.9,216.94,cultivait,216.51,217.1
E,216.94,217.1,cultivait,216.51,217.1
a,217.1,217.13,avec,217.1,217.28
v,217.13,217.17,avec,217.1,217.28
E,217.17,217.21,avec,217.1,217.28
k,217.21,217.28,avec,217.1,217.28
s,217.28,217.41,soin,217.28,217.66
w,217.41,217.47,soin,217.28,217.66
e~,217.47,217.66,soin,217.28,217.66
e,218.09,218.17,et,218.09,218.17
l,218.17,218.23,la,218.17,218.34
a,218.23,218.34,la,218.17,218.34
p,218.34,218.37,plaçait,218.34,218.69
l,218.37,218.4,plaçait,218.34,218.69
a,218.4,218.47,plaçait,218.34,218.69
s,218.47,218.57,plaçait,218.34,218.69
E,218.57,218.69,plaçait,218.34,218.69
t,218.69,218.75,toujours,218.69,219.12
u,218.75,218.85,toujours,218.69,219.12
Z,218.85,218.93,toujours,218.69,219.12
u,218.93,219.07,toujours,218.69,219.12
R,219.07,219.12,toujours,218.69,219.12
d,219.12,219.17,de,219.12,219.22
@,219.17,219.22,de,219.12,219.22
m,219.22,219.28,manière,219.22,219.66
a,219.28,219.34,manière,219.22,219.66
n,219.34,219.46,manière,219.22,219.66
j,219.46,219.49,manière,219.22,219.66
E,219.49,219.61,manière,219.22,219.66
R,219.61,219.66,manière,219.22,219.66
a,219.66,219.71,à,219.66,219.71
s,219.71,219.83,ce,219.71,219.83
k,219.83,219.93,qu’elle,219.83,220.02
y,219.93,219.99,qu’elle,219.83,220.02
l,219.99,220.02,qu’elle,219.83,220.02
n,220.02,220.08,ne,220.02,220.17
@,220.08,220.17,ne,220.02,220.17
p,220.17,220.2,perdît,220.17,220.5
E,220.2,220.25,perdît,220.17,220.5
R,220.25,220.34,perdît,220.17,220.5
d,220.34,220.38,perdît,220.17,220.5
i,220.38,220.5,perdît,220.17,220.5
p,220.5,220.57,pas,220.5,220.71
a,220.57,220.71,pas,220.5,220.71
e~,220.76,220.92,un,220.76,220.92
d,220.92,220.96,des,220.92,221.05
e,220.96,221.05,des,220.92,221.05
R,221.05,221.08,rayons,221.05,221.34
E,221.08,221.13,rayons,221.05,221.34
j,221.13,221.23,rayons,221.05,221.34
o~,221.23,221.34,rayons,221.05,221.34
d,221.34,221.38,de,221.34,221.43
@,221.38,221.43,de,221.34,221.43
s,221.43,221.56,soleil,221.43,221.89
o,221.56,221.59,soleil,221.43,221.89
l,221.59,221.66,soleil,221.43,221.89
E,221.66,221.86,soleil,221.43,221.89
j,221.86,221.89,soleil,221.43,221.89
k,221.89,221.98,qui,221.89,222.07
i,221.98,222.07,qui,221.89,222.07
p,222.07,222.1,pénétraient,222.07,222.53
e,222.1,222.16,pénétraient,222.07,222.53
n,222.16,222.21,pénétraient,222.07,222.53
e,222.21,222.3,pénétraient,222.07,222.53
t,222.3,222.35,pénétraient,222.07,222.53
R,222.35,222.43,pénétraient,222.07,222.53
E,222.43,222.53,pénétraient,222.07,222.53
a,222.59,222.65,à,222.59,222.65
t,222.65,222.7,travers,222.65,223.06
R,222.7,222.79,travers,222.65,223.06
a,222.79,222.86,travers,222.65,223.06
v,222.86,222.91,travers,222.65,223.06
E,222.91,223.0,travers,222.65,223.06
R,223.0,223.06,travers,222.65,223.06
l,223.06,223.1,la,223.06,223.16
a,223.1,223.16,la,223.06,223.16
l,223.16,223.19,lucarne,223.16,223.76
y,223.19,223.27,lucarne,223.16,223.76
k,223.27,223.41,lucarne,223.16,223.76
a,223.41,223.56,lucarne,223.16,223.76
R,223.56,223.71,lucarne,223.16,223.76
n,223.71,223.76,lucarne,223.16,223.76
o,224.68,224.78,Aussi,224.68,225.0
s,224.78,224.91,Aussi,224.68,225.0
i,224.91,225.0,Aussi,224.68,225.0
l,225.0,225.03,la,225.0,225.12
a,225.03,225.12,la,225.0,225.12
f,225.12,225.26,fleur,225.12,225.45
l,225.26,225.3,fleur,225.12,225.45
9,225.3,225.4,fleur,225.12,225.45
R,225.4,225.45,fleur,225.12,225.45
s,225.45,225.58,se,225.45,225.62
@,225.58,225.62,se,225.45,225.62
d,225.62,225.67,développait,225.62,226.21
e,225.67,225.75,développait,225.62,226.21
v,225.75,225.82,développait,225.62,226.21
l,225.82,225.9,développait,225.62,226.21
o,225.9,226.04,développait,225.62,226.21
p,226.04,226.09,développait,225.62,226.21
E,226.09,226.21,développait,225.62,226.21
e,226.21,226.35,et,226.21,226.46
t,226.35,226.46,et,226.21,226.46
a~,226.46,226.57,s’embellissait,226.46,227.12
b,226.57,226.62,s’embellissait,226.46,227.12
E,226.62,226.65,s’embellissait,226.46,227.12
l,226.65,226.68,s’embellissait,226.46,227.12
i,226.68,226.8,s’embellissait,226.46,227.12
s,226.8,226.98,s’embellissait,226.46,227.12
E,226.98,227.12,s’embellissait,226.46,227.12
a,227.12,227.16,avec,227.12,227.29
v,227.16,227.2,avec,227.12,227.29
E,227.2,227.25,avec,227.12,227.29
k,227.25,227.29,avec,227.12,227.29
s,227.29,227.41,ses,227.29,227.5
e,227.41,227.5,ses,227.29,227.5
R,227.5,227.55,rêves,227.5,227.87
E,227.55,227.82,rêves,227.5,227.87
v,227.82,227.87,rêves,227.5,227.87
E,228.56,228.66,elle,228.56,228.66
f,228.66,228.79,fleurissait,228.66,229.26
l,228.79,228.82,fleurissait,228.66,229.26
2,228.82,228.87,fleurissait,228.66,229.26
R,228.87,228.94,fleurissait,228.66,229.26
i,228.94,229.04,fleurissait,228.66,229.26
s,229.04,229.14,fleurissait,228.66,229.26
E,229.14,229.26,fleurissait,228.66,229.26
p,229.26,229.29,pour,229.26,229.45
u,229.29,229.45,pour,229.26,229.45
l,229.45,229.52,lui,229.45,229.81
H,229.52,229.59,lui,229.45,229.81
i,229.59,229.81,lui,229.45,229.81
p,230.13,230.19,pour,230.13,230.32
u,230.19,230.32,pour,230.13,230.32
l,230.32,230.37,lui,230.32,230.56
H,230.37,230.46,lui,230.32,230.56
i,230.46,230.56,lui,230.32,230.56
E,230.56,230.6,elle,230.56,230.68
l,230.6,230.68,elle,230.56,230.68
R,230.68,230.74,répandait,230.68,231.09
e,230.74,230.82,répandait,230.68,231.09
p,230.82,230.87,répandait,230.68,231.09
a~,230.87,230.99,répandait,230.68,231.09
d,230.99,231.03,répandait,230.68,231.09
E,231.03,231.09,répandait,230.68,231.09
s,231.09,231.19,son,231.09,231.3
o~,231.19,231.3,son,231.09,231.3
p,231.3,231.34,parfum,231.3,231.83
a,231.34,231.42,parfum,231.3,231.83
R,231.42,231.49,parfum,231.3,231.83
f,231.49,231.65,parfum,231.3,231.83
9~,231.65,231.83,parfum,231.3,231.83
e,231.9,232.02,et,231.9,232.02
p,232.02,232.07,prenait,232.02,232.35
R,232.07,232.15,prenait,232.02,232.35
@,232.15,232.19,prenait,232.02,232.35
n,232.19,232.27,prenait,232.02,232.35
E,232.27,232.35,prenait,232.02,232.35
d,232.35,232.4,des,232.35,232.59
e,232.4,232.52,des,232.35,232.59
z,232.52,232.59,des,232.35,232.59
E,232.59,232.74,airs,232.59,232.8
R,232.74,232.8,airs,232.59,232.8
k,232.8,232.89,coquets,232.8,233.26
o,232.89,232.95,coquets,232.8,233.26
k,232.95,233.13,coquets,232.8,233.26
E,233.13,233.26,coquets,232.8,233.26
l,234.32,234.41,Lorsque,234.32,234.7
O,234.41,234.5,Lorsque,234.32,234.7
R,234.5,234.54,Lorsque,234.32,234.7
s,234.54,234.64,Lorsque,234.32,234.7
k,234.64,234.7,Lorsque,234.32,234.7
l,234.7,234.76,le,234.7,234.84
@,234.76,234.84,le,234.7,234.84
b,234.84,234.92,bon,234.84,235.03
o~,234.92,234.96,bon,234.84,235.03
n,234.96,235.03,bon,234.84,235.03
d,235.03,235.13,Dieu,235.03,235.27
j,235.13,235.23,Dieu,235.03,235.27
2,235.23,235.27,Dieu,235.03,235.27
R,235.27,235.36,rappela,235.27,235.69
a,235.36,235.44,rappela,235.27,235.69
p,235.44,235.52,rappela,235.27,235.69
l,235.52,235.6,rappela,235.27,235.69
a,235.6,235.69,rappela,235.27,235.69
l,235.69,235.73,l’,235.69,235.73
a~,235.73,235.84,enfant,235.73,236.11
f,235.84,235.98,enfant,235.73,236.11
a~,235.98,236.11,enfant,235.73,236.11
a,236.11,236.18,à,236.11,236.18
l,236.18,236.24,lui,236.18,236.65
H,236.24,236.34,lui,236.18,236.65
i,236.34,236.65,lui,236.18,236.65
i,236.83,236.92499,il,236.83,236.92499
i,236.92499,237.03998,s’inclina,236.92499,237.61
k,237.03998,237.17,s’inclina,236.92499,237.61
l,237.17,237.33,s’inclina,236.92499,237.61
i,237.33,237.41,s’inclina,236.92499,237.61
n,237.41,237.49,s’inclina,236.92499,237.61
a,237.49,237.61,s’inclina,236.92499,237.61
v,237.61,237.65,vers,237.61,237.81
E,237.65,237.77,vers,237.61,237.81
R,237.77,237.81,vers,237.61,237.81
E,237.81,237.94,elle,237.81,237.98
l,237.94,237.98,elle,237.81,237.98
a,237.98,238.06,avant,237.98,238.23
v,238.06,238.09,avant,237.98,238.23
a~,238.09,238.23,avant,237.98,238.23
d,238.23,238.29,de,238.23,238.29
m,238.29,238.41,mourir,238.29,238.93
u,238.41,238.51,mourir,238.29,238.93
R,238.51,238.56,mourir,238.29,238.93
i,238.56,238.87,mourir,238.29,238.93
R,238.87,238.93,mourir,238.29,238.93
i,239.85,239.96,Il,239.85,239.96
j,239.96,240.02,y,239.96,240.02
a,240.02,240.06,a,240.02,240.06
m,240.06,240.14,maintenant,240.06,240.6
9~,240.14,240.29,maintenant,240.06,240.6
t,240.29,240.37,maintenant,240.06,240.6
n,240.37,240.41,maintenant,240.06,240.6
a~,240.41,240.54,maintenant,240.06,240.6
n,240.54,240.6,maintenant,240.06,240.6
y,240.6,240.63,une,240.6,240.68
n,240.63,240.68,une,240.6,240.68
a,240.68,240.74,année,240.68,240.97
n,240.74,240.85,année,240.68,240.97
e,240.85,240.97,année,240.68,240.97
k,240.97,241.01,que,240.97,241.06
@,241.01,241.06,que,240.97,241.06
l,241.06,241.1,l’,241.06,241.1
a~,241.1,241.2,enfant,241.1,241.4
f,241.2,241.33,enfant,241.1,241.4
a~,241.33,241.4,enfant,241.1,241.4
E,241.4,241.45,est,241.4,241.45
S,241.45,241.62,chez,241.45,241.67
e,241.62,241.67,chez,241.45,241.67
d,241.67,241.75,Dieu,241.67,242.01
j,241.75,241.92,Dieu,241.67,242.01
2,241.92,242.01,Dieu,241.67,242.01
e,242.01,242.1,et,242.01,242.1
i,242.39,242.6,il,242.39,242.6
j,242.6,242.7,y,242.6,242.7
a,242.7,242.76,a,242.7,242.76
y,242.76,242.83,une,242.76,242.92
n,242.83,242.92,une,242.76,242.92
a,242.92,242.99,année,242.92,243.22
n,242.99,243.1,année,242.92,243.22
e,243.1,243.22,année,242.92,243.22
k,243.22,243.27,que,243.22,243.31
@,243.27,243.31,que,243.22,243.31
l,243.31,243.36,la,243.31,243.44
a,243.36,243.44,la,243.31,243.44
f,243.44,243.59,fleur,243.44,243.88
l,243.59,243.64,fleur,243.44,243.88
9,243.64,243.84,fleur,243.44,243.88
R,243.84,243.88,fleur,243.44,243.88
E,243.88,243.98,est,243.88,243.98
R,243.98,244.03,restée,243.98,244.32
E,244.03,244.09,restée,243.98,244.32
s,244.09,244.21,restée,243.98,244.32
t,244.21,244.25,restée,243.98,244.32
e,244.25,244.32,restée,243.98,244.32
u,244.32,244.42,oubliée,244.32,244.78
b,244.42,244.46,oubliée,244.32,244.78
l,244.46,244.49,oubliée,244.32,244.78
i,244.49,244.75,oubliée,244.32,244.78
e,244.75,244.78,oubliée,244.32,244.78
s,244.78,244.88,sur,244.78,244.95
y,244.88,244.91,sur,244.78,244.95
R,244.91,244.95,sur,244.78,244.95
l,244.95,245.01,la,244.95,245.08
a,245.01,245.08,la,244.95,245.08
f,245.08,245.2,fenêtre,245.08,245.73
@,245.2,245.25,fenêtre,245.08,245.73
n,245.25,245.34,fenêtre,245.08,245.73
E,245.34,245.51,fenêtre,245.08,245.73
t,245.51,245.67,fenêtre,245.08,245.73
R,245.67,245.73,fenêtre,245.08,245.73
e,245.73,245.76,et,245.73,245.76
e,245.91,245.96,s’est,245.91,246.1
s,245.96,246.1,s’est,245.91,246.1
d,246.1,246.22,desséchée,246.1,246.82
E,246.22,246.26,desséchée,246.1,246.82
s,246.26,246.38,desséchée,246.1,246.82
e,246.38,246.43,desséchée,246.1,246.82
S,246.43,246.66,desséchée,246.1,246.82
e,246.66,246.82,desséchée,246.1,246.82
l,247.86,247.93,Le,247.86,247.99
@,247.93,247.99,Le,247.86,247.99
Z,247.99,248.1,jour,247.99,248.3
u,248.1,248.3,jour,247.99,248.3
d,248.3,248.33,du,248.3,248.43
y,248.33,248.43,du,248.3,248.43
d,248.43,248.48,déménagement,248.43,249.12
e,248.48,248.53,déménagement,248.43,249.12
m,248.53,248.6,déménagement,248.43,249.12
e,248.6,248.64,déménagement,248.43,249.12
n,248.64,248.73,déménagement,248.43,249.12
a,248.73,248.77,déménagement,248.43,249.12
Z,248.77,248.92,déménagement,248.43,249.12
m,248.92,248.96,déménagement,248.43,249.12
a~,248.96,249.12,déménagement,248.43,249.12
o~,249.6,249.66,on,249.6,249.66
l,249.66,249.74,l’,249.66,249.74
a,249.74,249.8,a,249.74,249.8
Z,249.8,249.91,jetée,249.8,250.19
@,249.91,250.0,jetée,249.8,250.19
t,250.0,250.06,jetée,249.8,250.19
e,250.06,250.19,jetée,249.8,250.19
p,250.19,250.23,parmi,250.19,250.49
a,250.23,250.32,parmi,250.19,250.49
R,250.32,250.35,parmi,250.19,250.49
m,250.35,250.4,parmi,250.19,250.49
i,250.4,250.49,parmi,250.19,250.49
l,250.49,250.52,les,250.49,250.67
e,250.52,250.59,les,250.49,250.67
z,250.59,250.67,les,250.49,250.67
i,250.67,250.71,immondices,250.67,251.2
m,250.71,250.8,immondices,250.67,251.2
m,250.8,250.88,immondices,250.67,251.2
o~,250.88,250.97,immondices,250.67,251.2
d,250.97,251.02,immondices,250.67,251.2
i,251.02,251.11,immondices,250.67,251.2
s,251.11,251.2,immondices,250.67,251.2
d,251.2,251.26,de,251.2,251.31
@,251.26,251.31,de,251.2,251.31
l,251.31,251.36,la,251.31,251.49
a,251.36,251.49,la,251.31,251.49
R,251.49,251.56,rue,251.49,251.6
y,251.56,251.6,rue,251.49,251.6
e,251.6,251.8,et,251.6,251.8
k,252.17,252.27,c’est,252.17,252.42
s,252.27,252.35,c’est,252.17,252.42
t,252.35,252.38,c’est,252.17,252.42
@,252.38,252.42,c’est,252.17,252.42
s,252.42,252.51,cette,252.42,252.65
E,252.51,252.6,cette,252.42,252.65
t,252.6,252.65,cette,252.42,252.65
p,252.65,252.71,pauvre,252.65,252.99
o,252.71,252.85,pauvre,252.65,252.99
v,252.85,252.96,pauvre,252.65,252.99
R,252.96,252.99,pauvre,252.65,252.99
f,252.99,253.12,fleur,252.99,253.28
l,253.12,253.17,fleur,252.99,253.28
9,253.17,253.22,fleur,252.99,253.28
R,253.22,253.28,fleur,252.99,253.28
f,253.28,253.4,fanée,253.28,253.69
a,253.4,253.46,fanée,253.28,253.69
n,253.46,253.55,fanée,253.28,253.69
e,253.55,253.69,fanée,253.28,253.69
k,253.69,253.72,que,253.69,253.72
n,253.72,253.83,nous,253.72,253.95
u,253.83,253.86,nous,253.72,253.95
z,253.86,253.95,nous,253.72,253.95
a,253.95,254.04,avons,253.95,254.19
v,254.04,254.07,avons,253.95,254.19
o~,254.07,254.19,avons,253.95,254.19
R,254.19,254.23,recueillie,254.19,254.65
@,254.23,254.33,recueillie,254.19,254.65
k,254.33,254.39,recueillie,254.19,254.65
2,254.39,254.43,recueillie,254.19,254.65
j,254.43,254.46,recueillie,254.19,254.65
i,254.46,254.65,recueillie,254.19,254.65
d,254.65,254.69,dans,254.65,254.78
a~,254.69,254.78,dans,254.65,254.78
n,254.78,254.83,notre,254.78,255.06
o,254.83,254.88,notre,254.78,255.06
t,254.88,254.95,notre,254.78,255.06
R,254.95,255.06,notre,254.78,255.06
b,255.06,255.12,bouquet,255.06,255.56
u,255.12,255.24,bouquet,255.06,255.56
k,255.24,255.36,bouquet,255.06,255.56
E,255.36,255.51,bouquet,255.06,255.56
t,255.51,255.56,bouquet,255.06,255.56
k,255.9,255.98,car,255.9,256.12
a,255.98,256.07,car,255.9,256.12
R,256.07,256.12,car,255.9,256.12
E,256.12,256.19,elle,256.12,256.23
l,256.19,256.23,elle,256.12,256.23
a,256.23,256.33,a,256.23,256.33
k,256.33,256.42,causé,256.33,256.74
O,256.42,256.47,causé,256.33,256.74
z,256.47,256.56,causé,256.33,256.74
e,256.56,256.74,causé,256.33,256.74
p,256.74,256.83,plus,256.74,256.98
l,256.83,256.88,plus,256.74,256.98
y,256.88,256.98,plus,256.74,256.98
d,256.98,257.02,de,256.98,257.12
@,257.02,257.12,de,256.98,257.12
Z,257.12,257.23,joie,257.12,257.57
w,257.23,257.39,joie,257.12,257.57
a,257.39,257.57,joie,257.12,257.57
k,257.73,257.86,que,257.73,257.86
l,257.86,257.91,la,257.86,258.03
a,257.91,258.03,la,257.86,258.03
p,258.03,258.11,plus,258.03,258.17
l,258.11,258.14,plus,258.03,258.17
y,258.14,258.17,plus,258.03,258.17
R,258.17,258.27,riche,258.17,258.51
i,258.27,258.35,riche,258.17,258.51
S,258.35,258.51,riche,258.17,258.51
f,258.51,258.61,fleur,258.51,258.86
l,258.61,258.68,fleur,258.51,258.86
9,258.68,258.83,fleur,258.51,258.86
R,258.83,258.86,fleur,258.51,258.86
d,258.86,258.93,du,258.86,258.98
y,258.93,258.98,du,258.86,258.98
Z,258.98,259.06,jardin,258.98,259.37
a,259.06,259.12,jardin,258.98,259.37
R,259.12,259.2,jardin,258.98,259.37
d,259.2,259.24,jardin,258.98,259.37
9~,259.24,259.37,jardin,258.98,259.37
d,259.37,259.41,d’,259.37,259.41
y,259.41,259.45,une,259.41,259.59
n,259.45,259.59,une,259.41,259.59
R,259.59,259.7,reine,259.59,260.09
E,259.7,259.92,reine,259.59,260.09
n,259.92,260.09,reine,259.59,260.09
m,261.33,261.47,Mais,261.33,261.53
E,261.47,261.53,Mais,261.33,261.53
k,261.53,261.62,comment,261.53,261.85
O,261.62,261.68,comment,261.53,261.85
m,261.68,261.76,comment,261.53,261.85
a~,261.76,261.85,comment,261.53,261.85
s,261.85,261.98,sais-tu,261.85,262.2
e,261.98,262.06,sais-tu,261.85,262.2
t,262.06,262.13,sais-tu,261.85,262.2
y,262.13,262.2,sais-tu,261.85,262.2
t,262.2,262.27,tout,262.2,262.33
u,262.27,262.33,tout,262.2,262.33
s,262.33,262.48,cela,262.33,262.78
@,262.48,262.55,cela,262.33,262.78
l,262.55,262.62,cela,262.33,262.78
a,262.62,262.78,cela,262.33,262.78
d,263.15,263.28,demanda,263.15,263.61
m,263.28,263.37,demanda,263.15,263.61
a~,263.37,263.45,demanda,263.15,263.61
d,263.45,263.51,demanda,263.15,263.61
a,263.51,263.61,demanda,263.15,263.61
l,263.61,263.65,l’,263.61,263.65
a~,263.65,263.77,enfant,263.65,264.1
f,263.77,263.97,enfant,263.65,264.1
a~,263.97,264.1,enfant,263.65,264.1
Z,265.07,265.18,Je,265.07,265.24
@,265.18,265.24,Je,265.07,265.24
l,265.24,265.34,le,265.24,265.4
@,265.34,265.4,le,265.24,265.4
s,265.4,265.59,sais,265.4,265.75
E,265.59,265.75,sais,265.4,265.75
R,266.34,266.39,répondit,266.34,266.81
e,266.39,266.49,répondit,266.34,266.81
p,266.49,266.55,répondit,266.34,266.81
o~,266.55,266.65,répondit,266.34,266.81
d,266.65,266.72,répondit,266.34,266.81
i,266.72,266.81,répondit,266.34,266.81
l,266.81,266.86,l’,266.81,266.86
a~,266.86,267.13,ange,266.86,267.28
Z,267.13,267.28,ange,266.86,267.28
p,267.79,267.88,parce,267.79,268.07
a,267.88,267.95,parce,267.79,268.07
R,267.95,268.01,parce,267.79,268.07
s,268.01,268.07,parce,267.79,268.07
k,268.07,268.15,que,268.07,268.15
Z,268.15,268.26,j’étais,268.15,268.42
a,268.26,268.3,j’étais,268.15,268.42
t,268.3,268.37,j’étais,268.15,268.42
E,268.37,268.42,j’étais,268.15,268.42
m,268.42,268.52,moi-même,268.42,268.83
w,268.52,268.57,moi-même,268.42,268.83
a,268.57,268.6,moi-même,268.42,268.83
m,268.6,268.68,moi-même,268.42,268.83
E,268.68,268.78,moi-même,268.42,268.83
m,268.78,268.83,moi-même,268.42,268.83
s,268.83,268.97,ce,268.83,269.01
@,268.97,269.01,ce,268.83,269.01
p,269.01,269.08,petit,269.01,269.27
@,269.08,269.15,petit,269.01,269.27
t,269.15,269.21,petit,269.01,269.27
i,269.21,269.27,petit,269.01,269.27
g,269.27,269.35,garçon,269.27,269.61
a,269.35,269.4,garçon,269.27,269.61
R,269.4,269.44,garçon,269.27,269.61
s,269.44,269.56,garçon,269.27,269.61
o~,269.56,269.61,garçon,269.27,269.61
m,269.61,269.69,malade,269.61,270.02
a,269.69,269.76,malade,269.61,270.02
l,269.76,269.81,malade,269.61,270.02
a,269.81,269.99,malade,269.61,270.02
d,269.99,270.02,malade,269.61,270.02
k,270.02,270.08,qui,270.02,270.21
i,270.08,270.21,qui,270.02,270.21
m,270.29,270.35,marchait,270.29,270.75
a,270.35,270.43,marchait,270.29,270.75
R,270.43,270.48,marchait,270.29,270.75
S,270.48,270.63,marchait,270.29,270.75
E,270.63,270.75,marchait,270.29,270.75
a,270.75,270.78,avec,270.75,270.95
v,270.78,270.82,avec,270.75,270.95
E,270.82,270.88,avec,270.75,270.95
k,270.88,270.95,avec,270.75,270.95
d,270.95,270.98,des,270.95,271.06
e,270.98,271.06,des,270.95,271.06
b,271.06,271.1,béquilles,271.06,271.77
e,271.1,271.16,béquilles,271.06,271.77
k,271.16,271.29,béquilles,271.06,271.77
i,271.29,271.74,béquilles,271.06,271.77
j,271.74,271.77,béquilles,271.06,271.77
Z,272.16,272.27,Je,272.16,272.27
R,272.27,272.36,reconnais,272.27,272.71
@,272.36,272.46,reconnais,272.27,272.71
k,272.46,272.5,reconnais,272.27,272.71
o,272.5,272.55,reconnais,272.27,272.71
n,272.55,272.63,reconnais,272.27,272.71
E,272.63,272.71,reconnais,272.27,272.71
b,272.71,272.74,bien,272.71,272.88
j,272.74,272.81,bien,272.71,272.88
e~,272.81,272.88,bien,272.71,272.88
m,272.88,272.93,ma,272.88,273.02
a,272.93,273.02,ma,272.88,273.02
f,273.02,273.17,fleur,273.02,273.59
l,273.17,273.23,fleur,273.02,273.59
9,273.23,273.42,fleur,273.02,273.59
R,273.42,273.59,fleur,273.02,273.59
